Bus,busmap
AT10-220,AT0 55
AT11-220,AT0 34
AT12-380,AT0 46
AT13-380,AT0 32
AT16-220,AT0 3
AT17-380,AT0 48
AT2-380,AT0 38
AT20-220,AT0 25
AT3-380,AT0 30
AT4-220,AT0 11
AT5-380,AT0 50
AT6-380,AT0 23
AT9-220,AT0 15
way/101997887-380,AT0 22
way/1047447425-220,AT0 28
way/105065132-380,AT0 8
way/107248400-380,AT0 51
way/118060597-380,AT0 33
way/1203160522-220,AT0 27
way/134565164-380,AT0 53
way/140375658-380,AT0 10
way/145583866-220,AT0 19
way/152245073-220,AT0 14
way/162826525-380,AT0 1
way/180468540-220,AT0 42
way/210191809-220,AT0 20
way/24253250-400,AT0 21
way/24768685-220,AT0 47
way/27673934-380,AT0 49
way/27763479-380,AT0 29
way/27795895-380,AT0 52
way/30042006-380,AT0 0
way/30076588-220,AT0 17
way/318616912-380,AT0 16
way/38821658-380,AT0 41
way/38868243-380,AT0 57
way/50650855-220,AT0 37
way/59531071-380,AT0 31
way/603139216-220,AT0 9
way/61108302-220,AT0 6
way/636620861-380,AT0 5
way/694695942-380,AT0 13
way/727225348-380,AT0 2
way/765101679-220,AT0 56
way/81540198-380,AT0 54
way/81684898-380,AT0 7
way/83529203-220,AT0 35
way/83740194-380,AT0 44
way/83742801-380,AT0 24
way/84789829-220,AT0 36
way/852324809-220,AT0 43
way/86119428-220,AT0 39
way/88680218-220,AT0 12
way/89451551-220,AT0 26
way/89985993-220,AT0 40
way/93077882-220,AT0 4
way/943595603-380,AT0 18
way/95812231-220,AT0 45
BE10-380,BE0 9
BE13-220,BE0 39
BE14-380,BE0 11
BE15-380,BE0 16
BE17-220,BE0 20
BE5-380,BE0 40
BE6-380,BE0 17
BE7-380,BE0 12
BE8-380,BE0 37
BE9-380,BE0 32
relation/7578992-380,BE0 31
way/1001478336-220,BE0 27
way/103041283-220,BE0 41
way/103455240-225,BE0 26
way/114082368-220,BE0 29
way/121085952-380,BE0 25
way/124703985-380,BE0 21
way/1258230062-380,BE0 36
way/16584741-380,BE0 22
way/19783816-380,BE0 19
way/204940265-220,BE0 33
way/23136343-380,BE0 38
way/23136868-380,BE0 34
way/23151789-380,BE0 5
way/23175771-380,BE0 23
way/24552827-220,BE0 24
way/32002039-380,BE0 10
way/495688586-380,BE0 30
way/495688597-380,BE0 28
way/500788534-380,BE0 0
way/87529551-400,BE0 4
way/87763325-380,BE0 8
way/87772591-380,BE0 7
way/87772593-380,BE0 2
way/87779917-380,BE0 18
way/87807194-380,BE0 1
way/88373135-400,BE0 13
way/88799384-380,BE0 15
way/91142310-220,BE0 35
way/917345402-220,BE0 6
way/91752661-220,BE0 3
way/92007188-220,BE0 42
way/92015823-220,BE0 14
CH11-220,CH0 26
CH12-380,CH0 2
CH13-220,CH0 2
CH14-380,CH0 32
CH15-220,CH0 22
CH16-380,CH0 23
CH17-380,CH0 11
CH18-380,CH0 46
CH19-220,CH0 27
CH2-220,CH0 58
CH20-220,CH0 27
CH21-220,CH0 42
CH23-220,CH0 64
CH24-220,CH0 64
CH25-220,CH0 70
CH26-220,CH0 64
CH27-220,CH0 70
CH28-220,CH0 64
CH3-220,CH0 15
CH30-380,CH0 13
CH31-220,CH0 10
CH33-380,CH0 13
CH34-380,CH0 43
CH35-220,CH0 43
CH36-220,CH0 43
CH37-380,CH0 13
CH38-220,CH0 43
CH39-220,CH0 43
CH4-220,CH0 44
CH40-220,CH0 43
CH41-380,CH0 55
CH42-220,CH0 20
CH43-220,CH0 25
CH44-220,CH0 25
CH46-220,CH0 50
CH47-220,CH0 12
CH5-220,CH0 53
CH50-220,CH0 8
CH52-220,CH0 3
CH53-225,CH0 45
CH56-220,CH0 61
CH57-225,CH0 56
CH58-220,CH0 61
CH6-220,CH0 39
CH60-225,CH0 19
CH7-220,CH0 63
CH9-220,CH0 6
relation/5378910-220,CH0 36
relation/7933294-380,CH0 28
relation/9310861-220,CH0 60
way/108257952-220,CH0 59
way/109037817-380,CH0 38
way/1105061707-380,CH0 1
way/111162936-400,CH0 10
way/11282314-220,CH0 60
way/122720993-220,CH0 48
way/127004407-400,CH0 14
way/132373704-220,CH0 47
way/1327084723-220,CH0 20
way/140873735-220,CH0 17
way/146225999-220,CH0 54
way/147557680-220,CH0 40
way/147714395-380,CH0 15
way/148015471-220,CH0 60
way/159527493-220,CH0 67
way/161853746-220,CH0 36
way/165513396-380,CH0 35
way/177392130-400,CH0 56
way/190819048-220,CH0 16
way/192677427-380,CH0 2
way/194258388-220,CH0 7
way/207991759-380,CH0 69
way/207993342-380,CH0 42
way/208780268-380,CH0 57
way/210568055-380,CH0 41
way/211907009-220,CH0 11
way/212722603-380,CH0 33
way/22899676-220,CH0 15
way/234983117-380,CH0 65
way/236819191-220,CH0 12
way/238138373-380,CH0 19
way/239937062-220,CH0 3
way/240575085-220,CH0 39
way/240959264-220,CH0 0
way/242269161-220,CH0 34
way/26843160-220,CH0 30
way/27107779-220,CH0 29
way/27435934-220,CH0 5
way/281799252-220,CH0 9
way/281800404-220,CH0 49
way/281804158-380,CH0 55
way/281809991-220,CH0 21
way/281815404-220,CH0 61
way/281822905-220,CH0 20
way/30350721-220,CH0 31
way/31308888-220,CH0 53
way/33271433-220,CH0 35
way/35002638-380,CH0 52
way/356292116-380,CH0 16
way/35840165-380,CH0 4
way/364949845-380,CH0 50
way/365556107-220,CH0 68
way/391576135-220,CH0 50
way/391577741-220,CH0 50
way/397960460-400,CH0 38
way/402053379-220,CH0 66
way/402055336-220,CH0 62
way/431234146-220,CH0 64
way/455120191-220,CH0 6
way/50319857-400,CH0 58
way/52738225-380,CH0 24
way/55698557-225,CH0 45
way/71500123-380,CH0 42
way/758943072-220,CH0 37
way/802058337-225,CH0 65
way/89405664-220,CH0 63
way/89977424-220,CH0 53
way/92798668-220,CH0 18
way/936521586-380,CH0 19
way/969811258-380,CH0 51
way/969819301-380,CH0 50
way/98648381-380,CH0 4
DE10-380,DE0 103
DE100-380,DE0 373
DE102-380,DE0 328
DE104-380,DE0 214
DE105-220,DE0 432
DE106-220,DE0 420
DE107-380,DE0 483
DE109-220,DE0 266
DE11-380,DE0 467
DE110-380,DE0 2
DE113-220,DE0 146
DE114-380,DE0 403
DE118-220,DE0 252
DE119-380,DE0 371
DE12-380,DE0 140
DE121-380,DE0 67
DE122-220,DE0 358
DE124-380,DE0 418
DE125-380,DE0 399
DE126-220,DE0 442
DE127-380,DE0 441
DE129-220,DE0 321
DE13-380,DE0 436
DE131-220,DE0 430
DE132-220,DE0 419
DE133-380,DE0 172
DE134-380,DE0 117
DE135-220,DE0 243
DE136-380,DE0 224
DE137-380,DE0 482
DE138-380,DE0 164
DE139-380,DE0 396
DE14-380,DE0 218
DE140-380,DE0 415
DE144-380,DE0 223
DE145-220,DE0 368
DE147-380,DE0 475
DE148-380,DE0 352
DE15-220,DE0 5
DE150-380,DE0 74
DE152-380,DE0 43
DE153-380,DE0 39
DE154-380,DE0 417
DE155-380,DE0 281
DE156-380,DE0 129
DE157-380,DE0 365
DE158-380,DE0 200
DE159-380,DE0 25
DE16-220,DE0 338
DE161-380,DE0 440
DE162-380,DE0 330
DE163-220,DE0 60
DE165-380,DE0 134
DE168-380,DE0 339
DE169-220,DE0 89
DE17-380,DE0 115
DE170-380,DE0 355
DE172-380,DE0 437
DE173-220,DE0 376
DE174-220,DE0 356
DE175-220,DE0 229
DE176-220,DE0 412
DE177-220,DE0 398
DE178-380,DE0 466
DE179-220,DE0 188
DE18-380,DE0 453
DE180-220,DE0 267
DE181-380,DE0 474
DE182-380,DE0 236
DE183-220,DE0 212
DE184-380,DE0 185
DE185-380,DE0 473
DE186-380,DE0 87
DE187-380,DE0 426
DE188-380,DE0 351
DE189-380,DE0 476
DE19-380,DE0 261
DE190-380,DE0 448
DE191-380,DE0 280
DE192-380,DE0 235
DE193-380,DE0 481
DE194-220,DE0 178
DE195-380,DE0 431
DE196-380,DE0 255
DE197-380,DE0 85
DE198-380,DE0 407
DE199-380,DE0 211
DE201-220,DE0 7
DE202-380,DE0 325
DE203-220,DE0 390
DE204-220,DE0 246
DE205-380,DE0 463
DE206-220,DE0 465
DE207-380,DE0 210
DE208-380,DE0 443
DE209-380,DE0 71
DE21-220,DE0 253
DE211-220,DE0 357
DE212-220,DE0 108
DE213-380,DE0 444
DE22-380,DE0 354
DE23-380,DE0 264
DE24-380,DE0 450
DE25-380,DE0 346
DE26-380,DE0 362
DE27-380,DE0 464
DE28-380,DE0 348
DE29-220,DE0 347
DE30-380,DE0 292
DE31-380,DE0 99
DE33-380,DE0 231
DE34-380,DE0 452
DE36-220,DE0 369
DE37-220,DE0 456
DE39-220,DE0 196
DE40-220,DE0 471
DE41-380,DE0 461
DE43-220,DE0 251
DE45-380,DE0 402
DE46-380,DE0 154
DE49-380,DE0 409
DE50-380,DE0 240
DE51-220,DE0 406
DE53-380,DE0 220
DE56-380,DE0 19
DE57-380,DE0 391
DE6-380,DE0 324
DE61-380,DE0 282
DE62-380,DE0 143
DE64-220,DE0 472
DE65-380,DE0 305
DE66-380,DE0 278
DE67-380,DE0 372
DE68-380,DE0 383
DE69-380,DE0 424
DE7-220,DE0 72
DE70-380,DE0 478
DE72-220,DE0 201
DE73-380,DE0 378
DE74-380,DE0 477
DE75-380,DE0 455
DE76-380,DE0 334
DE77-380,DE0 439
DE78-220,DE0 468
DE79-220,DE0 337
DE8-380,DE0 295
DE80-380,DE0 297
DE81-220,DE0 438
DE82-220,DE0 458
DE84-220,DE0 484
DE85-380,DE0 247
DE86-220,DE0 377
DE87-380,DE0 401
DE88-380,DE0 411
DE89-380,DE0 181
DE9-380,DE0 126
DE91-380,DE0 333
DE93-220,DE0 303
DE94-380,DE0 367
DE95-380,DE0 449
DE96-380,DE0 421
DE97-220,DE0 462
DE98-220,DE0 413
relation/17591073-220,DE0 340
way/1024536785-380,DE0 100
way/102743264-220,DE0 242
way/1040551074-220,DE0 389
way/106096507-380,DE0 195
way/1068350839-380,DE0 184
way/1072574879-380,DE0 142
way/1076001174-380,DE0 395
way/1086825107-380,DE0 130
way/108797675-380,DE0 366
way/1089769599-380,DE0 249
way/1089911133-380,DE0 148
way/1091984573-380,DE0 155
way/1093896544-380,DE0 54
way/1094015892-380,DE0 51
way/109917397-380,DE0 124
way/1102237380-380,DE0 47
way/1107961833-380,DE0 381
way/1128250707-380,DE0 33
way/11285720-380,DE0 308
way/113546939-380,DE0 425
way/114319248-380,DE0 163
way/11500045-380,DE0 132
way/1191459479-220,DE0 232
way/121199242-380,DE0 315
way/1222597066-380,DE0 217
way/1223405794-380,DE0 294
way/1245826064-380,DE0 416
way/1280364401-380,DE0 445
way/1280840211-380,DE0 23
way/1303270458-380,DE0 206
way/1327333163-380,DE0 83
way/132814303-220,DE0 161
way/133342285-220,DE0 162
way/137602559-380,DE0 318
way/142487746-380,DE0 254
way/143854536-380,DE0 95
way/143882655-380,DE0 27
way/143903369-380,DE0 422
way/145002769-380,DE0 166
way/145680894-220,DE0 111
way/147521567-380,DE0 186
way/148446247-380,DE0 10
way/149256409-380,DE0 86
way/149987048-380,DE0 187
way/150200540-380,DE0 429
way/151967290-380,DE0 288
way/151967291-380,DE0 284
way/152018146-380,DE0 258
way/152107815-380,DE0 41
way/152261133-380,DE0 360
way/152403632-380,DE0 197
way/152924498-380,DE0 259
way/152924508-220,DE0 6
way/152973139-380,DE0 205
way/156402422-220,DE0 102
way/156673636-380,DE0 207
way/156673637-380,DE0 64
way/156676050-220,DE0 106
way/156960655-380,DE0 92
way/157164284-220,DE0 77
way/157328339-380,DE0 36
way/157806991-380,DE0 22
way/160584794-380,DE0 18
way/160929097-220,DE0 244
way/167352587-220,DE0 159
way/169244940-380,DE0 300
way/170123812-400,DE0 285
way/18629425-380,DE0 113
way/198448981-380,DE0 127
way/202747445-380,DE0 180
way/206289192-380,DE0 203
way/207248812-380,DE0 387
way/22720647-380,DE0 388
way/22761692-380,DE0 349
way/22761839-380,DE0 62
way/22765517-380,DE0 363
way/22766160-380,DE0 343
way/22767509-380,DE0 139
way/22796434-220,DE0 392
way/22944791-220,DE0 414
way/22960899-380,DE0 31
way/22964137-380,DE0 290
way/22973052-220,DE0 277
way/22973070-380,DE0 332
way/23022100-380,DE0 454
way/23067006-380,DE0 459
way/23084554-380,DE0 241
way/23192640-220,DE0 380
way/23284340-380,DE0 263
way/23380800-380,DE0 428
way/234171369-380,DE0 222
way/23583867-380,DE0 20
way/23641079-380,DE0 400
way/23744346-220,DE0 239
way/23899043-380,DE0 310
way/24042358-380,DE0 183
way/24158385-220,DE0 28
way/24230738-380,DE0 144
way/24237879-220,DE0 42
way/24258096-380,DE0 50
way/24262656-380,DE0 1
way/24267175-220,DE0 274
way/24272339-380,DE0 298
way/24413992-380,DE0 125
way/24462317-220,DE0 451
way/24462426-380,DE0 213
way/24478889-380,DE0 79
way/24479003-380,DE0 460
way/24479984-380,DE0 350
way/24493551-380,DE0 384
way/24502420-380,DE0 397
way/24604789-380,DE0 199
way/24667346-380,DE0 40
way/24685992-380,DE0 96
way/24705761-380,DE0 105
way/24757392-380,DE0 49
way/24757393-380,DE0 191
way/24757833-380,DE0 73
way/24758329-380,DE0 189
way/24759324-220,DE0 151
way/24765111-220,DE0 382
way/24768051-220,DE0 8
way/24799890-380,DE0 317
way/24839976-380,DE0 326
way/24921206-380,DE0 82
way/24976300-380,DE0 52
way/25051880-220,DE0 405
way/25306752-380,DE0 46
way/25306938-380,DE0 194
way/25746125-380,DE0 272
way/25786404-380,DE0 336
way/25943440-380,DE0 109
way/259561755-380,DE0 120
way/26245195-380,DE0 233
way/26260052-380,DE0 296
way/26383042-380,DE0 9
way/26404600-380,DE0 0
way/26472665-380,DE0 34
way/26474759-380,DE0 150
way/266684854-380,DE0 309
way/26814283-380,DE0 24
way/26927264-380,DE0 262
way/27124619-220,DE0 93
way/27149550-380,DE0 63
way/274603394-380,DE0 470
way/274621059-220,DE0 80
way/274630377-380,DE0 29
way/275466323-380,DE0 331
way/27646106-220,DE0 260
way/27739871-380,DE0 44
way/27871140-220,DE0 270
way/27919734-380,DE0 147
way/28008024-220,DE0 156
way/28327356-380,DE0 219
way/28343121-380,DE0 75
way/28397771-220,DE0 116
way/28452784-220,DE0 313
way/28613721-380,DE0 17
way/28729619-380,DE0 301
way/28812249-220,DE0 177
way/28956649-380,DE0 30
way/289836713-380,DE0 312
way/29077623-380,DE0 275
way/29084374-380,DE0 128
way/29309786-380,DE0 121
way/29331499-380,DE0 174
way/29374542-220,DE0 276
way/29472852-380,DE0 248
way/29713902-380,DE0 14
way/30017786-220,DE0 342
way/30039908-380,DE0 70
way/30040568-380,DE0 11
way/30132758-380,DE0 286
way/30164703-380,DE0 250
way/30303506-380,DE0 265
way/30613895-380,DE0 193
way/30954714-380,DE0 4
way/31024391-380,DE0 374
way/31105067-380,DE0 306
way/31131320-380,DE0 173
way/31131325-380,DE0 76
way/31367936-220,DE0 35
way/31367940-380,DE0 169
way/31653753-380,DE0 26
way/31762305-220,DE0 394
way/32042992-380,DE0 423
way/32076853-380,DE0 84
way/32151621-220,DE0 37
way/32318130-220,DE0 221
way/32472806-380,DE0 410
way/32690742-380,DE0 135
way/32725957-220,DE0 149
way/32843531-380,DE0 68
way/32904794-380,DE0 123
way/32966636-220,DE0 170
way/33042984-220,DE0 190
way/33169401-380,DE0 171
way/33411203-380,DE0 335
way/33816726-380,DE0 238
way/35176751-380,DE0 53
way/35763480-380,DE0 393
way/373967500-380,DE0 228
way/37554416-220,DE0 353
way/37721677-380,DE0 427
way/37764852-380,DE0 65
way/38325076-380,DE0 198
way/38584673-220,DE0 480
way/38661452-380,DE0 208
way/395847307-380,DE0 209
way/39688875-220,DE0 237
way/398680313-380,DE0 101
way/409305507-220,DE0 314
way/41232144-380,DE0 323
way/41334805-380,DE0 287
way/41389594-380,DE0 137
way/414169327-380,DE0 55
way/42050342-380,DE0 81
way/42097854-380,DE0 215
way/42372159-380,DE0 66
way/42410916-380,DE0 302
way/42423415-380,DE0 311
way/42488850-380,DE0 104
way/42507488-380,DE0 160
way/42560068-380,DE0 256
way/42681484-380,DE0 202
way/42736239-380,DE0 133
way/42797575-380,DE0 145
way/42799487-380,DE0 58
way/42861703-380,DE0 385
way/43163132-380,DE0 341
way/43688805-380,DE0 299
way/442199284-380,DE0 204
way/449010725-380,DE0 152
way/456386244-380,DE0 370
way/46584363-380,DE0 379
way/46615737-380,DE0 359
way/48057110-380,DE0 234
way/48428875-380,DE0 364
way/49577401-380,DE0 320
way/499165542-380,DE0 307
way/50729129-220,DE0 90
way/50898216-380,DE0 283
way/515358077-380,DE0 386
way/517421342-380,DE0 268
way/518455594-380,DE0 118
way/525964629-380,DE0 433
way/53378027-380,DE0 38
way/54359256-380,DE0 12
way/55069713-380,DE0 182
way/559702819-380,DE0 141
way/57727004-380,DE0 131
way/59707532-380,DE0 69
way/59925390-380,DE0 293
way/60032354-220,DE0 291
way/600395952-380,DE0 230
way/603661085-380,DE0 98
way/61918154-380,DE0 329
way/63114179-380,DE0 279
way/66038431-220,DE0 136
way/66764943-220,DE0 48
way/672738029-220,DE0 344
way/683227471-380,DE0 78
way/68532663-220,DE0 273
way/68549340-380,DE0 345
way/76246159-380,DE0 176
way/77038371-380,DE0 21
way/77694901-220,DE0 56
way/77697810-380,DE0 271
way/78441561-380,DE0 112
way/796306640-380,DE0 289
way/797009308-380,DE0 375
way/810315511-380,DE0 225
way/82773910-400,DE0 316
way/829116805-380,DE0 167
way/851299584-380,DE0 192
way/85523877-380,DE0 179
way/870598507-380,DE0 61
way/871646309-380,DE0 434
way/87653464-400,DE0 13
way/87722999-380,DE0 446
way/87767098-380,DE0 304
way/883768276-380,DE0 168
way/883768277-380,DE0 457
way/883928228-380,DE0 322
way/883928229-380,DE0 447
way/88916034-380,DE0 88
way/88945213-380,DE0 216
way/89043564-380,DE0 327
way/89176939-220,DE0 227
way/89215122-220,DE0 158
way/90148336-220,DE0 361
way/907539360-380,DE0 15
way/91854336-380,DE0 469
way/92165128-380,DE0 107
way/93278553-220,DE0 404
way/933248930-220,DE0 122
way/93341407-380,DE0 3
way/940922557-380,DE0 97
way/941198517-380,DE0 59
way/941453716-380,DE0 32
way/941805476-380,DE0 110
way/942448206-380,DE0 153
way/942771541-380,DE0 57
way/943135226-380,DE0 16
way/943939310-380,DE0 157
way/946025110-380,DE0 91
way/946710698-220,DE0 165
way/947118608-380,DE0 226
way/948341123-380,DE0 45
way/951273401-380,DE0 479
way/951773852-380,DE0 269
way/952004951-380,DE0 119
way/952346322-380,DE0 114
way/953015049-380,DE0 257
way/953757606-380,DE0 175
way/953757608-380,DE0 319
way/954971276-220,DE0 94
way/955268863-380,DE0 138
way/957746797-380,DE0 245
way/97825259-380,DE0 408
way/979801144-380,DE0 435
ES1-400,ES0 143
ES10-220,ES0 63
ES100-220,ES0 83
ES101-220,ES0 186
ES102-220,ES0 186
ES103-400,ES0 236
ES104-220,ES0 186
ES105-220,ES0 217
ES106-220,ES0 186
ES108-220,ES0 163
ES109-220,ES0 229
ES11-220,ES0 109
ES117-220,ES0 9
ES12-400,ES0 253
ES121-220,ES0 128
ES124-220,ES0 128
ES125-400,ES0 1
ES126-400,ES0 191
ES127-220,ES0 62
ES128-400,ES0 155
ES129-220,ES0 88
ES13-220,ES0 42
ES130-220,ES0 269
ES133-400,ES0 265
ES134-400,ES0 235
ES135-220,ES0 242
ES136-220,ES0 155
ES139-220,ES0 212
ES14-400,ES0 109
ES140-220,ES0 214
ES143-400,ES0 34
ES144-400,ES0 212
ES145-220,ES0 102
ES147-220,ES0 261
ES148-220,ES0 102
ES151-220,ES0 261
ES152-220,ES0 34
ES153-220,ES0 273
ES154-220,ES0 46
ES155-220,ES0 34
ES158-220,ES0 108
ES159-220,ES0 40
ES160-220,ES0 46
ES161-220,ES0 256
ES162-400,ES0 256
ES164-400,ES0 108
ES165-220,ES0 244
ES167-400,ES0 151
ES168-220,ES0 256
ES169-220,ES0 255
ES170-400,ES0 139
ES171-220,ES0 255
ES172-220,ES0 178
ES173-220,ES0 255
ES174-220,ES0 178
ES175-220,ES0 77
ES176-220,ES0 216
ES18-400,ES0 239
ES180-400,ES0 10
ES182-220,ES0 149
ES183-220,ES0 149
ES185-400,ES0 140
ES186-400,ES0 93
ES187-220,ES0 221
ES190-400,ES0 93
ES191-220,ES0 195
ES193-220,ES0 127
ES194-220,ES0 93
ES196-400,ES0 39
ES197-400,ES0 124
ES199-400,ES0 124
ES20-400,ES0 63
ES200-400,ES0 33
ES201-400,ES0 225
ES203-400,ES0 208
ES204-400,ES0 81
ES205-400,ES0 105
ES206-400,ES0 81
ES207-400,ES0 81
ES208-400,ES0 99
ES209-220,ES0 150
ES21-220,ES0 234
ES210-400,ES0 99
ES212-400,ES0 69
ES213-220,ES0 99
ES214-220,ES0 222
ES218-220,ES0 222
ES22-400,ES0 25
ES222-400,ES0 173
ES223-220,ES0 44
ES226-220,ES0 44
ES227-220,ES0 44
ES228-400,ES0 44
ES23-400,ES0 115
ES231-220,ES0 44
ES233-220,ES0 44
ES234-220,ES0 223
ES236-220,ES0 223
ES237-220,ES0 223
ES238-220,ES0 44
ES239-220,ES0 223
ES240-220,ES0 167
ES241-220,ES0 223
ES243-400,ES0 6
ES247-220,ES0 82
ES248-220,ES0 111
ES249-400,ES0 180
ES25-400,ES0 239
ES250-400,ES0 61
ES251-220,ES0 101
ES252-220,ES0 111
ES253-220,ES0 101
ES255-220,ES0 45
ES256-400,ES0 45
ES257-400,ES0 45
ES258-400,ES0 264
ES259-220,ES0 36
ES26-400,ES0 206
ES261-220,ES0 228
ES263-220,ES0 275
ES264-220,ES0 183
ES265-220,ES0 264
ES266-220,ES0 19
ES267-400,ES0 250
ES269-220,ES0 19
ES27-220,ES0 25
ES272-220,ES0 189
ES273-220,ES0 270
ES274-220,ES0 270
ES275-220,ES0 133
ES278-220,ES0 219
ES279-400,ES0 219
ES28-220,ES0 253
ES280-400,ES0 75
ES285-220,ES0 131
ES287-220,ES0 159
ES29-400,ES0 18
ES290-220,ES0 159
ES291-220,ES0 159
ES292-400,ES0 159
ES293-400,ES0 246
ES294-220,ES0 198
ES296-220,ES0 12
ES299-400,ES0 12
ES3-220,ES0 197
ES30-400,ES0 42
ES302-400,ES0 175
ES306-220,ES0 220
ES309-220,ES0 31
ES31-400,ES0 63
ES310-220,ES0 78
ES313-220,ES0 267
ES315-400,ES0 97
ES316-220,ES0 248
ES32-220,ES0 253
ES320-220,ES0 17
ES321-400,ES0 188
ES323-220,ES0 122
ES324-220,ES0 237
ES325-220,ES0 104
ES327-220,ES0 104
ES328-220,ES0 145
ES329-400,ES0 13
ES33-400,ES0 253
ES330-400,ES0 57
ES331-220,ES0 168
ES332-220,ES0 57
ES337-220,ES0 168
ES338-220,ES0 60
ES339-220,ES0 137
ES34-220,ES0 205
ES340-220,ES0 194
ES341-220,ES0 50
ES342-220,ES0 141
ES344-220,ES0 194
ES346-220,ES0 271
ES347-220,ES0 16
ES348-220,ES0 119
ES349-220,ES0 119
ES35-400,ES0 187
ES350-220,ES0 72
ES351-220,ES0 119
ES352-220,ES0 119
ES353-220,ES0 119
ES354-220,ES0 72
ES355-220,ES0 119
ES356-220,ES0 243
ES357-220,ES0 241
ES358-220,ES0 72
ES36-220,ES0 205
ES360-400,ES0 107
ES361-400,ES0 132
ES362-400,ES0 132
ES363-220,ES0 15
ES365-220,ES0 121
ES366-400,ES0 66
ES367-220,ES0 129
ES369-220,ES0 129
ES37-400,ES0 205
ES370-220,ES0 129
ES371-220,ES0 245
ES372-220,ES0 129
ES373-220,ES0 245
ES374-220,ES0 20
ES375-220,ES0 20
ES376-220,ES0 47
ES378-220,ES0 251
ES379-220,ES0 161
ES38-400,ES0 166
ES381-220,ES0 58
ES382-220,ES0 181
ES39-220,ES0 227
ES40-400,ES0 224
ES43-220,ES0 110
ES44-220,ES0 55
ES46-220,ES0 106
ES48-220,ES0 55
ES49-220,ES0 110
ES50-220,ES0 179
ES51-220,ES0 193
ES52-220,ES0 213
ES55-220,ES0 4
ES56-220,ES0 202
ES58-220,ES0 202
ES6-220,ES0 171
ES60-220,ES0 117
ES62-220,ES0 117
ES65-220,ES0 272
ES68-400,ES0 79
ES69-220,ES0 89
ES7-220,ES0 171
ES71-220,ES0 147
ES72-220,ES0 92
ES73-400,ES0 54
ES74-220,ES0 65
ES75-220,ES0 185
ES77-400,ES0 54
ES78-400,ES0 54
ES8-400,ES0 239
ES81-220,ES0 54
ES84-220,ES0 24
ES87-220,ES0 68
ES88-220,ES0 158
ES9-400,ES0 206
ES90-220,ES0 100
ES92-220,ES0 112
ES93-220,ES0 158
ES94-220,ES0 160
ES95-220,ES0 112
ES97-400,ES0 38
ES98-220,ES0 236
ES99-220,ES0 176
relation/15715982-400,ES0 41
relation/16809528-400,ES0 255
relation/17148268-400,ES0 19
relation/17319555-220,ES0 220
relation/17444204-400,ES0 207
relation/17678185-220,ES0 56
relation/17805735-220,ES0 269
way/101078312-220,ES0 9
way/101953901-400,ES0 99
way/1028926498-400,ES0 148
way/103158873-400,ES0 236
way/103190094-220,ES0 89
way/103511952-400,ES0 54
way/104020696-400,ES0 34
way/104026138-220,ES0 152
way/104370242-400,ES0 55
way/104730022-220,ES0 236
way/105259481-400,ES0 206
way/110506713-220,ES0 244
way/111584995-220,ES0 162
way/1141933143-400,ES0 259
way/1153834517-400,ES0 268
way/1154224087-225,ES0 67
way/115680075-400,ES0 209
way/118057369-400,ES0 73
way/118641117-220,ES0 14
way/1218840771-400,ES0 118
way/1232240349-220,ES0 40
way/124121964-400,ES0 256
way/1243143644-220,ES0 42
way/1245390527-220,ES0 176
way/1246090890-220,ES0 96
way/1246115410-400,ES0 133
way/1252105002-220,ES0 44
way/1252514183-220,ES0 215
way/1255236015-220,ES0 35
way/1257151190-220,ES0 244
way/126100935-220,ES0 256
way/1262644008-220,ES0 46
way/1262722032-400,ES0 181
way/1262722037-220,ES0 181
way/1262731213-400,ES0 181
way/1266061515-220,ES0 212
way/1266081844-400,ES0 21
way/1266109989-400,ES0 230
way/1267694217-400,ES0 98
way/1267909080-220,ES0 128
way/126881765-400,ES0 7
way/126987023-400,ES0 12
way/1273759380-220,ES0 257
way/127528728-220,ES0 113
way/1275359449-220,ES0 156
way/127605081-220,ES0 45
way/1277630152-400,ES0 86
way/127787669-400,ES0 93
way/128873801-220,ES0 194
way/129441519-400,ES0 199
way/129767234-400,ES0 216
way/134884956-400,ES0 41
way/140011919-400,ES0 124
way/140781473-220,ES0 65
way/143207685-400,ES0 214
way/143207686-220,ES0 214
way/143483652-220,ES0 186
way/143483653-220,ES0 229
way/143483666-400,ES0 186
way/144138407-220,ES0 261
way/144138410-220,ES0 261
way/144138420-400,ES0 211
way/144156731-220,ES0 112
way/144297377-220,ES0 203
way/144297424-220,ES0 186
way/144297438-220,ES0 118
way/144306676-220,ES0 184
way/144312477-220,ES0 5
way/144312479-220,ES0 231
way/144327151-220,ES0 157
way/144327157-400,ES0 149
way/144487932-400,ES0 196
way/144767090-400,ES0 84
way/144767096-400,ES0 51
way/144787749-400,ES0 119
way/144812118-220,ES0 119
way/144813618-220,ES0 241
way/144827711-220,ES0 16
way/144909709-400,ES0 153
way/144909722-400,ES0 132
way/144909723-400,ES0 194
way/144915428-400,ES0 194
way/144915438-400,ES0 194
way/144922719-220,ES0 57
way/144926472-220,ES0 238
way/144931782-400,ES0 49
way/144933376-400,ES0 260
way/144941889-400,ES0 0
way/144942113-400,ES0 126
way/145171008-400,ES0 94
way/145302700-400,ES0 23
way/145302702-220,ES0 127
way/145316518-220,ES0 23
way/145326592-220,ES0 142
way/145333039-220,ES0 156
way/145337069-220,ES0 32
way/145456411-220,ES0 168
way/145461765-400,ES0 210
way/145466007-220,ES0 248
way/145478409-220,ES0 145
way/145599515-220,ES0 78
way/145821099-220,ES0 53
way/145823172-400,ES0 53
way/151490968-220,ES0 241
way/158620489-220,ES0 256
way/159930931-400,ES0 116
way/164823726-220,ES0 241
way/165580300-400,ES0 178
way/168357739-400,ES0 52
way/168358225-400,ES0 232
way/169523046-400,ES0 139
way/169528510-220,ES0 140
way/169703140-220,ES0 230
way/169703141-220,ES0 96
way/169729505-400,ES0 2
way/169769013-220,ES0 244
way/169867109-400,ES0 93
way/169882238-220,ES0 177
way/169882239-220,ES0 163
way/169883205-400,ES0 143
way/169947613-220,ES0 262
way/169999915-400,ES0 134
way/170140947-220,ES0 273
way/170156685-220,ES0 273
way/170371019-220,ES0 223
way/170424446-400,ES0 43
way/170424447-400,ES0 141
way/170424455-400,ES0 72
way/170433606-220,ES0 72
way/170485452-220,ES0 22
way/170485453-400,ES0 150
way/170511092-400,ES0 108
way/170519401-220,ES0 64
way/170607798-220,ES0 101
way/170671537-220,ES0 101
way/170779407-220,ES0 114
way/170779408-220,ES0 31
way/170946426-400,ES0 243
way/170954487-400,ES0 154
way/170968145-400,ES0 245
way/170968150-220,ES0 129
way/171071300-220,ES0 243
way/171106850-220,ES0 245
way/171251565-400,ES0 130
way/171256169-400,ES0 97
way/171274139-220,ES0 237
way/171277174-220,ES0 237
way/171277691-220,ES0 238
way/171419971-220,ES0 30
way/171560239-220,ES0 78
way/172454609-220,ES0 234
way/173191596-220,ES0 55
way/178294745-400,ES0 80
way/179492338-220,ES0 201
way/180545587-220,ES0 178
way/181621073-220,ES0 123
way/181664117-400,ES0 74
way/181906370-400,ES0 128
way/181912569-400,ES0 89
way/181917947-220,ES0 37
way/187392726-220,ES0 174
way/187645709-400,ES0 27
way/187830917-220,ES0 28
way/189184531-400,ES0 18
way/189184555-400,ES0 71
way/189577215-400,ES0 79
way/190058570-400,ES0 42
way/190098039-220,ES0 42
way/190110739-400,ES0 197
way/190236352-400,ES0 91
way/190249315-220,ES0 11
way/190249507-220,ES0 249
way/190289523-220,ES0 233
way/190907238-220,ES0 36
way/191053032-220,ES0 161
way/191095881-220,ES0 157
way/191485195-400,ES0 54
way/194360413-220,ES0 14
way/194699926-220,ES0 182
way/194699929-220,ES0 54
way/196202210-220,ES0 4
way/196202213-400,ES0 4
way/196207063-400,ES0 205
way/196215046-400,ES0 25
way/196483351-220,ES0 106
way/196484252-220,ES0 213
way/196522660-220,ES0 32
way/196533213-220,ES0 218
way/196544701-220,ES0 87
way/202891403-400,ES0 253
way/205141906-220,ES0 227
way/217745445-400,ES0 239
way/222873301-220,ES0 8
way/222895334-400,ES0 31
way/222901014-220,ES0 190
way/226363063-400,ES0 120
way/226886241-400,ES0 180
way/23882397-220,ES0 222
way/258916144-220,ES0 53
way/27668869-400,ES0 81
way/27936937-400,ES0 167
way/27937443-220,ES0 44
way/27949649-400,ES0 6
way/28048116-220,ES0 223
way/28308003-400,ES0 150
way/283348372-400,ES0 247
way/28400958-220,ES0 99
way/28491137-220,ES0 138
way/28526748-220,ES0 223
way/28526821-220,ES0 223
way/28648202-220,ES0 30
way/28683005-400,ES0 6
way/28683269-220,ES0 223
way/291666290-220,ES0 109
way/292277455-220,ES0 267
way/31110032-225,ES0 76
way/325432908-220,ES0 6
way/327268322-400,ES0 48
way/33771314-400,ES0 219
way/338683860-220,ES0 72
way/340399370-400,ES0 103
way/34585227-400,ES0 45
way/346490586-220,ES0 223
way/365551344-220,ES0 253
way/370803224-220,ES0 29
way/39827901-220,ES0 45
way/399055749-220,ES0 140
way/411107082-220,ES0 192
way/419408372-220,ES0 176
way/43797051-220,ES0 119
way/43842955-400,ES0 239
way/445989313-220,ES0 122
way/44633677-220,ES0 251
way/457010443-220,ES0 241
way/46106589-220,ES0 204
way/47367769-220,ES0 26
way/47842260-400,ES0 164
way/47908906-220,ES0 68
way/47911346-400,ES0 41
way/48304858-220,ES0 38
way/48310486-220,ES0 146
way/48467553-220,ES0 226
way/49252090-220,ES0 37
way/49258709-220,ES0 89
way/51188420-400,ES0 59
way/51822825-400,ES0 193
way/52516392-400,ES0 136
way/56137765-400,ES0 63
way/576439241-400,ES0 17
way/586348408-220,ES0 244
way/58928252-400,ES0 54
way/60063660-400,ES0 179
way/60342307-220,ES0 214
way/60351390-400,ES0 159
way/60354466-220,ES0 217
way/60398296-220,ES0 240
way/626886449-400,ES0 90
way/651711449-400,ES0 263
way/666476490-220,ES0 181
way/675714143-400,ES0 85
way/677413570-400,ES0 44
way/683693772-400,ES0 274
way/683892938-400,ES0 170
way/701397734-400,ES0 174
way/71796402-400,ES0 256
way/729485840-400,ES0 57
way/731605861-220,ES0 197
way/73511619-400,ES0 252
way/73683435-220,ES0 252
way/74384031-400,ES0 254
way/75606778-400,ES0 95
way/75619319-220,ES0 95
way/75902880-400,ES0 66
way/772400244-400,ES0 70
way/77640470-400,ES0 270
way/77654729-400,ES0 270
way/782365013-220,ES0 200
way/789683722-220,ES0 219
way/81152317-400,ES0 169
way/828193563-220,ES0 158
way/84526032-400,ES0 165
way/84883895-220,ES0 117
way/85817084-400,ES0 62
way/86512030-400,ES0 160
way/88760627-400,ES0 160
way/89084456-220,ES0 135
way/90829734-400,ES0 128
way/913515391-220,ES0 119
way/91441017-220,ES0 19
way/921541546-400,ES0 258
way/931793946-400,ES0 3
way/970599107-220,ES0 266
way/97286424-400,ES0 58
way/977168018-220,ES0 144
way/97937366-400,ES0 125
way/983523978-400,ES0 99
way/989699715-400,ES0 250
way/991952490-220,ES0 172
way/139280545-220,ES5 2
way/139280769-220,ES5 0
way/148347794-220,ES5 4
way/347643820-220,ES5 1
way/81409681-220,ES5 3
CH48-225,FR0 351
CH49-225,FR0 351
CH51-400,FR0 358
FR1-225,FR0 246
FR100-225,FR0 345
FR101-225,FR0 427
FR102-400,FR0 378
FR103-225,FR0 180
FR104-225,FR0 398
FR105-225,FR0 398
FR106-225,FR0 398
FR107-225,FR0 218
FR108-225,FR0 218
FR109-225,FR0 56
FR110-400,FR0 169
FR111-225,FR0 429
FR112-225,FR0 72
FR113-225,FR0 60
FR115-225,FR0 53
FR117-225,FR0 311
FR118-225,FR0 29
FR119-225,FR0 325
FR121-225,FR0 100
FR122-225,FR0 13
FR123-225,FR0 223
FR124-225,FR0 58
FR125-225,FR0 58
FR128-400,FR0 152
FR129-225,FR0 90
FR130-225,FR0 90
FR131-225,FR0 66
FR132-225,FR0 90
FR134-225,FR0 422
FR135-225,FR0 299
FR136-400,FR0 114
FR137-225,FR0 105
FR139-225,FR0 294
FR140-225,FR0 39
FR141-225,FR0 195
FR142-225,FR0 238
FR143-225,FR0 238
FR144-225,FR0 52
FR145-225,FR0 52
FR146-225,FR0 437
FR148-225,FR0 437
FR149-225,FR0 426
FR15-400,FR0 309
FR150-225,FR0 289
FR151-225,FR0 289
FR153-225,FR0 289
FR154-225,FR0 84
FR156-225,FR0 386
FR157-225,FR0 315
FR158-225,FR0 289
FR159-400,FR0 279
FR16-225,FR0 99
FR160-225,FR0 386
FR161-400,FR0 279
FR162-225,FR0 23
FR163-400,FR0 305
FR164-225,FR0 176
FR165-225,FR0 176
FR166-225,FR0 176
FR167-225,FR0 141
FR168-225,FR0 141
FR169-225,FR0 141
FR170-225,FR0 375
FR171-225,FR0 300
FR172-225,FR0 379
FR173-225,FR0 67
FR174-225,FR0 300
FR175-225,FR0 82
FR176-225,FR0 64
FR177-225,FR0 262
FR178-225,FR0 89
FR179-225,FR0 89
FR180-225,FR0 89
FR181-400,FR0 151
FR182-225,FR0 417
FR183-225,FR0 401
FR185-225,FR0 147
FR186-225,FR0 203
FR187-225,FR0 162
FR188-225,FR0 147
FR189-225,FR0 4
FR19-225,FR0 260
FR190-225,FR0 199
FR191-225,FR0 199
FR192-400,FR0 4
FR193-225,FR0 256
FR195-225,FR0 397
FR196-225,FR0 409
FR197-225,FR0 392
FR198-225,FR0 143
FR199-225,FR0 392
FR2-225,FR0 424
FR200-225,FR0 61
FR201-225,FR0 76
FR202-225,FR0 61
FR203-225,FR0 61
FR204-225,FR0 61
FR22-225,FR0 390
FR23-225,FR0 14
FR24-225,FR0 101
FR25-225,FR0 14
FR26-225,FR0 356
FR27-225,FR0 356
FR29-225,FR0 396
FR3-225,FR0 424
FR30-225,FR0 228
FR31-225,FR0 356
FR32-225,FR0 377
FR33-225,FR0 34
FR34-400,FR0 65
FR35-225,FR0 34
FR36-225,FR0 396
FR37-225,FR0 135
FR38-225,FR0 323
FR39-225,FR0 255
FR40-400,FR0 247
FR41-225,FR0 184
FR42-225,FR0 323
FR45-225,FR0 333
FR46-225,FR0 317
FR47-225,FR0 317
FR48-225,FR0 423
FR49-225,FR0 317
FR51-225,FR0 364
FR52-225,FR0 77
FR53-225,FR0 77
FR55-225,FR0 364
FR57-225,FR0 298
FR58-225,FR0 298
FR59-225,FR0 298
FR6-225,FR0 17
FR60-225,FR0 125
FR61-225,FR0 330
FR63-400,FR0 330
FR65-225,FR0 6
FR67-225,FR0 6
FR68-225,FR0 125
FR7-225,FR0 17
FR70-225,FR0 125
FR71-225,FR0 330
FR72-225,FR0 125
FR73-225,FR0 330
FR74-225,FR0 171
FR75-225,FR0 359
FR76-225,FR0 359
FR77-400,FR0 88
FR78-400,FR0 88
FR79-225,FR0 214
FR81-225,FR0 31
FR82-225,FR0 31
FR83-225,FR0 12
FR84-400,FR0 232
FR85-225,FR0 116
FR86-225,FR0 272
FR87-225,FR0 73
FR88-225,FR0 21
FR89-225,FR0 272
FR9-225,FR0 339
FR90-225,FR0 272
FR91-225,FR0 148
FR92-225,FR0 138
FR93-225,FR0 282
FR94-225,FR0 276
FR95-400,FR0 276
FR96-400,FR0 276
FR97-225,FR0 261
FR98-225,FR0 360
FR99-225,FR0 261
relation/13260100-400,FR0 108
relation/13260224-225,FR0 424
relation/15956164-225,FR0 273
relation/1604500-225,FR0 402
way/100021432-225,FR0 117
way/100087916-400,FR0 4
way/1000881525-400,FR0 197
way/100500802-400,FR0 265
way/101086962-225,FR0 49
way/101108382-225,FR0 217
way/101207712-225,FR0 277
way/101217260-225,FR0 230
way/101228343-225,FR0 364
way/101494744-225,FR0 363
way/103365741-225,FR0 308
way/103921705-225,FR0 18
way/103960552-225,FR0 220
way/104008765-225,FR0 144
way/1041877812-225,FR0 321
way/104240116-225,FR0 64
way/104481448-225,FR0 143
way/1046982647-225,FR0 218
way/105197514-225,FR0 156
way/105202875-225,FR0 143
way/105515586-400,FR0 279
way/105571340-400,FR0 120
way/105630888-400,FR0 69
way/1056316394-225,FR0 271
way/105652436-225,FR0 47
way/105652455-225,FR0 120
way/105690676-400,FR0 57
way/105783300-400,FR0 160
way/105840884-400,FR0 75
way/105913465-400,FR0 151
way/105913481-225,FR0 175
way/106284701-225,FR0 374
way/1067248696-225,FR0 273
way/107121899-225,FR0 289
way/1076166858-225,FR0 424
way/108084125-225,FR0 377
way/108089073-225,FR0 377
way/1081289679-225,FR0 307
way/1091109862-225,FR0 285
way/109817708-400,FR0 94
way/109859712-400,FR0 155
way/110086345-400,FR0 18
way/110443404-400,FR0 242
way/110450456-400,FR0 15
way/110468028-225,FR0 354
way/110522458-225,FR0 15
way/110542740-225,FR0 377
way/110602470-225,FR0 397
way/111265307-225,FR0 55
way/111276881-225,FR0 197
way/111414142-400,FR0 71
way/111449797-225,FR0 379
way/111456385-400,FR0 28
way/111458307-400,FR0 70
way/111558550-400,FR0 10
way/111558561-225,FR0 10
way/111769053-225,FR0 129
way/111816982-225,FR0 104
way/1121036738-225,FR0 95
way/112310487-225,FR0 68
way/112342683-400,FR0 311
way/112893617-400,FR0 86
way/112925040-225,FR0 158
way/113338234-225,FR0 249
way/114018928-400,FR0 291
way/114254761-225,FR0 363
way/114355666-400,FR0 62
way/114359287-225,FR0 121
way/114363583-400,FR0 405
way/114730382-225,FR0 392
way/115437692-225,FR0 35
way/115476080-225,FR0 275
way/116168269-225,FR0 131
way/1162035523-225,FR0 423
way/116670124-225,FR0 372
way/116702384-225,FR0 430
way/117350758-400,FR0 44
way/117421453-225,FR0 239
way/117446403-400,FR0 241
way/117537715-225,FR0 359
way/117810798-225,FR0 418
way/117893799-400,FR0 403
way/117975440-400,FR0 78
way/118079877-400,FR0 59
way/118086309-400,FR0 6
way/118121876-400,FR0 16
way/118127416-225,FR0 195
way/118133021-225,FR0 238
way/118133060-225,FR0 114
way/118133898-225,FR0 411
way/118213015-225,FR0 61
way/118216358-225,FR0 9
way/118216361-225,FR0 350
way/118260031-225,FR0 430
way/118387083-400,FR0 139
way/118387084-225,FR0 139
way/118400622-225,FR0 235
way/118400623-225,FR0 8
way/118591672-225,FR0 373
way/118655802-400,FR0 407
way/118684662-225,FR0 61
way/118727701-225,FR0 191
way/119048154-225,FR0 283
way/1198130346-225,FR0 366
way/120464542-225,FR0 102
way/120522167-225,FR0 166
way/120553316-225,FR0 173
way/120707003-400,FR0 389
way/120861987-225,FR0 216
way/121024004-225,FR0 272
way/121087628-225,FR0 170
way/121101846-225,FR0 128
way/121116528-225,FR0 276
way/121152763-225,FR0 293
way/121161175-225,FR0 96
way/121297422-400,FR0 186
way/121499607-225,FR0 4
way/121500497-400,FR0 115
way/122061929-225,FR0 161
way/122104435-225,FR0 421
way/122361853-225,FR0 250
way/122411058-225,FR0 258
way/122563466-400,FR0 58
way/122568639-225,FR0 190
way/122748502-225,FR0 274
way/122752897-225,FR0 163
way/122755047-225,FR0 274
way/122755068-225,FR0 253
way/122923029-225,FR0 122
way/123120808-225,FR0 183
way/1231941645-225,FR0 141
way/1236363679-225,FR0 234
way/1236930242-225,FR0 196
way/125003945-225,FR0 306
way/125076979-225,FR0 363
way/125164718-225,FR0 269
way/125494395-225,FR0 111
way/125495792-225,FR0 338
way/125550372-225,FR0 229
way/125721667-225,FR0 363
way/126417428-225,FR0 310
way/1271288345-400,FR0 252
way/1272896526-225,FR0 98
way/1275810585-400,FR0 187
way/128106453-225,FR0 416
way/128524174-225,FR0 74
way/129026531-225,FR0 434
way/129378915-400,FR0 65
way/129440971-225,FR0 339
way/129581885-225,FR0 81
way/129614642-225,FR0 81
way/129624451-225,FR0 220
way/129631438-225,FR0 41
way/129662180-225,FR0 423
way/129830455-225,FR0 425
way/130017468-225,FR0 51
way/130132975-225,FR0 310
way/130459448-225,FR0 251
way/130549366-225,FR0 52
way/130562947-225,FR0 52
way/130595758-225,FR0 167
way/130659505-225,FR0 202
way/130792479-225,FR0 401
way/131317126-225,FR0 17
way/1328928952-225,FR0 438
way/133400747-225,FR0 431
way/133637359-225,FR0 437
way/133667044-225,FR0 412
way/133868507-225,FR0 363
way/134147651-225,FR0 1
way/135183628-225,FR0 401
way/135314787-225,FR0 300
way/135585545-225,FR0 319
way/135727900-225,FR0 201
way/135855286-225,FR0 287
way/136068611-225,FR0 66
way/136326140-225,FR0 5
way/136416550-225,FR0 37
way/137083764-225,FR0 363
way/137191333-225,FR0 322
way/137365310-225,FR0 130
way/137474877-225,FR0 212
way/138108387-225,FR0 178
way/138149900-225,FR0 109
way/138278216-225,FR0 43
way/138382023-400,FR0 211
way/138610604-225,FR0 379
way/138787590-225,FR0 208
way/138979502-225,FR0 314
way/139098414-225,FR0 85
way/139593701-225,FR0 346
way/139834740-225,FR0 107
way/142360067-225,FR0 305
way/142420422-225,FR0 352
way/142456148-225,FR0 433
way/142456170-225,FR0 325
way/142456176-225,FR0 112
way/142505460-225,FR0 324
way/142571672-225,FR0 200
way/143283235-225,FR0 2
way/144099634-225,FR0 84
way/146360237-225,FR0 87
way/146360243-225,FR0 301
way/146360244-225,FR0 79
way/146366949-225,FR0 188
way/146402374-225,FR0 219
way/146449309-400,FR0 336
way/146449312-225,FR0 408
way/146449314-225,FR0 113
way/146534501-225,FR0 284
way/146534504-225,FR0 210
way/146534507-225,FR0 357
way/146590045-225,FR0 26
way/146590048-225,FR0 413
way/146695955-400,FR0 31
way/146744609-225,FR0 396
way/147132682-225,FR0 426
way/147132685-400,FR0 341
way/147132690-400,FR0 159
way/147132693-225,FR0 159
way/147174230-225,FR0 168
way/147174234-225,FR0 136
way/147174244-225,FR0 140
way/147174246-225,FR0 392
way/147174253-225,FR0 199
way/147187631-225,FR0 394
way/147187633-225,FR0 393
way/147394004-225,FR0 379
way/147394005-225,FR0 295
way/147394006-225,FR0 63
way/147394007-225,FR0 22
way/147394008-225,FR0 331
way/147394009-225,FR0 31
way/147394010-225,FR0 22
way/147394011-225,FR0 348
way/147394012-225,FR0 91
way/147394015-225,FR0 204
way/147394016-225,FR0 259
way/147398275-225,FR0 164
way/147398276-225,FR0 30
way/147398278-225,FR0 154
way/147398279-225,FR0 419
way/147580956-225,FR0 283
way/147580961-225,FR0 119
way/147580963-225,FR0 273
way/147580965-225,FR0 312
way/147580968-225,FR0 341
way/147580973-225,FR0 288
way/147580978-225,FR0 326
way/147580984-225,FR0 164
way/147580985-225,FR0 400
way/147580994-225,FR0 370
way/147580996-225,FR0 32
way/147581003-225,FR0 14
way/147581004-225,FR0 181
way/148059534-225,FR0 388
way/148059535-225,FR0 321
way/148059537-225,FR0 296
way/148564021-225,FR0 435
way/150329778-225,FR0 237
way/150366395-225,FR0 217
way/152120009-225,FR0 353
way/152778326-225,FR0 343
way/152835217-225,FR0 134
way/154391107-225,FR0 53
way/158232795-225,FR0 317
way/159167277-400,FR0 145
way/162540710-400,FR0 347
way/16287586-225,FR0 402
way/165830069-225,FR0 17
way/165966009-225,FR0 17
way/166057222-225,FR0 316
way/166073883-400,FR0 263
way/169393427-225,FR0 273
way/169799372-225,FR0 273
way/170028621-400,FR0 286
way/170184991-225,FR0 48
way/171051788-225,FR0 162
way/177428102-225,FR0 98
way/177964767-225,FR0 318
way/177964771-225,FR0 63
way/178995408-225,FR0 434
way/179260933-400,FR0 42
way/179848961-225,FR0 233
way/180569105-225,FR0 101
way/182816228-225,FR0 226
way/183105308-225,FR0 341
way/183182430-225,FR0 369
way/183215456-225,FR0 183
way/183818442-225,FR0 179
way/184492595-225,FR0 244
way/188144496-400,FR0 317
way/193292042-400,FR0 221
way/196073443-225,FR0 198
way/197040234-225,FR0 73
way/199093574-225,FR0 423
way/199229562-400,FR0 369
way/203122176-225,FR0 290
way/204349873-225,FR0 356
way/207292011-225,FR0 356
way/207479669-225,FR0 165
way/208424341-225,FR0 387
way/210389707-400,FR0 79
way/211875283-225,FR0 308
way/214483816-400,FR0 225
way/214858101-225,FR0 392
way/219639224-225,FR0 257
way/222188543-400,FR0 334
way/225210595-400,FR0 373
way/226898600-225,FR0 38
way/228049601-225,FR0 392
way/22873838-225,FR0 414
way/22873840-225,FR0 414
way/22938964-225,FR0 38
way/229597405-400,FR0 302
way/231157304-225,FR0 2
way/231157312-225,FR0 231
way/23286313-400,FR0 124
way/23287448-400,FR0 330
way/235370803-400,FR0 75
way/24020441-400,FR0 294
way/24020601-400,FR0 294
way/24025291-400,FR0 114
way/24035563-225,FR0 267
way/241189382-400,FR0 388
way/243285438-225,FR0 363
way/244036491-225,FR0 415
way/247427865-225,FR0 270
way/24849819-400,FR0 243
way/24913871-225,FR0 171
way/24919917-225,FR0 171
way/24923808-225,FR0 374
way/24990664-225,FR0 243
way/260211728-380,FR0 297
way/260579119-225,FR0 61
way/26272450-225,FR0 38
way/26376732-225,FR0 330
way/26376870-400,FR0 329
way/26395237-225,FR0 38
way/265745327-225,FR0 26
way/26813222-225,FR0 374
way/270540194-225,FR0 423
way/27259817-400,FR0 281
way/273536873-225,FR0 157
way/27428702-225,FR0 281
way/27558020-225,FR0 379
way/27768969-225,FR0 281
way/278718504-225,FR0 296
way/27951432-400,FR0 192
way/28706541-225,FR0 344
way/28761900-225,FR0 374
way/29088787-400,FR0 364
way/292180238-225,FR0 344
way/292629713-225,FR0 395
way/294002018-225,FR0 54
way/295403868-400,FR0 88
way/299860588-225,FR0 77
way/299862996-225,FR0 185
way/30292953-400,FR0 142
way/307228675-225,FR0 355
way/312728271-400,FR0 83
way/318195497-225,FR0 380
way/318502246-400,FR0 383
way/32067290-225,FR0 414
way/32196554-400,FR0 378
way/327505353-225,FR0 77
way/327505354-225,FR0 395
way/32876673-225,FR0 344
way/33113310-225,FR0 298
way/338324854-225,FR0 423
way/33973725-225,FR0 359
way/34198056-400,FR0 342
way/34349978-225,FR0 108
way/34387620-225,FR0 108
way/34398164-225,FR0 108
way/34398358-225,FR0 108
way/350044068-225,FR0 395
way/35206465-225,FR0 17
way/35538714-225,FR0 395
way/36286080-225,FR0 49
way/36805588-400,FR0 55
way/374150877-225,FR0 184
way/378126683-225,FR0 285
way/38073132-225,FR0 40
way/38830347-225,FR0 368
way/392683619-225,FR0 362
way/39389229-400,FR0 36
way/39407602-225,FR0 325
way/397885581-225,FR0 413
way/40266681-225,FR0 156
way/403385451-225,FR0 91
way/405909509-225,FR0 237
way/406691575-225,FR0 371
way/41436841-225,FR0 184
way/41591146-225,FR0 349
way/416438053-225,FR0 346
way/416438054-225,FR0 420
way/41829825-400,FR0 213
way/41834104-225,FR0 2
way/432466512-400,FR0 7
way/434500830-225,FR0 150
way/440538762-225,FR0 335
way/440600377-225,FR0 56
way/442651900-400,FR0 349
way/44357629-225,FR0 240
way/444069687-400,FR0 332
way/44448089-225,FR0 231
way/445088111-225,FR0 364
way/448355914-400,FR0 127
way/448722478-400,FR0 64
way/44883864-400,FR0 320
way/454932860-225,FR0 25
way/455245314-225,FR0 38
way/46172440-225,FR0 308
way/467599626-225,FR0 346
way/467775702-400,FR0 230
way/467799728-225,FR0 268
way/468096792-225,FR0 50
way/473670083-225,FR0 52
way/474926055-225,FR0 209
way/47633664-225,FR0 426
way/47660196-225,FR0 240
way/47739331-225,FR0 58
way/479781321-225,FR0 367
way/484952897-225,FR0 117
way/48815655-225,FR0 359
way/489118827-225,FR0 117
way/490191058-225,FR0 404
way/490392953-225,FR0 61
way/49049745-400,FR0 371
way/491655540-225,FR0 88
way/495078839-225,FR0 287
way/49510896-400,FR0 292
way/497510591-225,FR0 423
way/514597856-225,FR0 38
way/536127194-225,FR0 306
way/53727352-225,FR0 2
way/53944139-225,FR0 2
way/547443051-225,FR0 149
way/549010403-225,FR0 61
way/549628003-225,FR0 19
way/549628132-225,FR0 304
way/552467306-225,FR0 103
way/553127674-225,FR0 376
way/553509645-225,FR0 141
way/553509651-225,FR0 300
way/558437000-225,FR0 435
way/56585982-225,FR0 399
way/56997464-400,FR0 39
way/56998024-400,FR0 39
way/571067152-225,FR0 132
way/57941014-225,FR0 100
way/580568888-400,FR0 337
way/580927266-400,FR0 133
way/583372101-225,FR0 23
way/584362062-225,FR0 185
way/585985166-225,FR0 293
way/589691209-225,FR0 382
way/589696032-225,FR0 246
way/589696042-225,FR0 194
way/590596961-225,FR0 365
way/590866686-225,FR0 61
way/604408491-225,FR0 20
way/616985188-225,FR0 431
way/620325313-225,FR0 248
way/62233233-225,FR0 280
way/62279693-225,FR0 363
way/627450679-225,FR0 73
way/627450758-225,FR0 224
way/63213632-225,FR0 355
way/63641119-225,FR0 412
way/64040939-225,FR0 355
way/655200312-225,FR0 412
way/658560999-225,FR0 430
way/658561191-225,FR0 330
way/659343518-400,FR0 137
way/659913223-225,FR0 332
way/666332422-225,FR0 359
way/666332466-225,FR0 434
way/671113556-225,FR0 330
way/682366021-225,FR0 231
way/682366052-225,FR0 231
way/68589514-400,FR0 252
way/68925871-225,FR0 355
way/69332224-225,FR0 436
way/69813552-400,FR0 156
way/69999641-225,FR0 412
way/70452467-225,FR0 110
way/715176993-225,FR0 415
way/715177063-225,FR0 280
way/71933077-400,FR0 191
way/71933086-400,FR0 340
way/725699702-225,FR0 325
way/730015498-225,FR0 209
way/733773947-225,FR0 61
way/733773951-225,FR0 61
way/733773994-225,FR0 61
way/740849522-225,FR0 412
way/74699439-225,FR0 236
way/75509664-225,FR0 303
way/756397226-225,FR0 220
way/75750171-225,FR0 355
way/757982264-225,FR0 99
way/759073166-225,FR0 93
way/76032001-225,FR0 355
way/760653905-225,FR0 205
way/761507281-400,FR0 358
way/765852555-225,FR0 227
way/765852556-225,FR0 396
way/777545899-225,FR0 172
way/78052541-225,FR0 412
way/78148795-225,FR0 412
way/788298548-400,FR0 193
way/79805353-225,FR0 231
way/79866837-400,FR0 232
way/80719004-225,FR0 197
way/81228088-400,FR0 182
way/81638061-225,FR0 378
way/81641090-400,FR0 368
way/81665271-400,FR0 266
way/81758476-400,FR0 207
way/818615628-225,FR0 254
way/818615639-225,FR0 413
way/818615644-225,FR0 189
way/818615647-225,FR0 328
way/82226136-225,FR0 255
way/82306874-400,FR0 386
way/823662696-225,FR0 355
way/823662702-400,FR0 381
way/823662705-400,FR0 296
way/823872751-225,FR0 326
way/823872752-225,FR0 402
way/823872758-225,FR0 118
way/823872762-225,FR0 33
way/82467033-225,FR0 415
way/82599261-400,FR0 406
way/82715808-400,FR0 347
way/82741307-400,FR0 227
way/82746777-225,FR0 227
way/82746780-225,FR0 364
way/82805188-400,FR0 215
way/82825438-400,FR0 309
way/82825446-400,FR0 153
way/82949228-400,FR0 309
way/82967739-400,FR0 264
way/82976238-225,FR0 264
way/83293593-400,FR0 245
way/83705700-225,FR0 380
way/83726363-400,FR0 67
way/83819431-225,FR0 412
way/84153220-400,FR0 105
way/84182609-400,FR0 302
way/84452130-400,FR0 174
way/84476231-400,FR0 238
way/84485792-400,FR0 416
way/84490483-400,FR0 64
way/84603564-400,FR0 141
way/85047359-400,FR0 286
way/85198005-400,FR0 252
way/85203486-400,FR0 81
way/85217416-400,FR0 385
way/85273676-225,FR0 372
way/85273680-400,FR0 278
way/85335661-400,FR0 350
way/85339874-225,FR0 432
way/85605950-400,FR0 17
way/85605959-400,FR0 431
way/85710783-400,FR0 177
way/85719389-400,FR0 123
way/85821243-400,FR0 106
way/85827397-400,FR0 393
way/85827398-400,FR0 327
way/85845085-400,FR0 146
way/85867971-400,FR0 46
way/85877326-400,FR0 92
way/85895367-400,FR0 34
way/85955250-225,FR0 228
way/85995894-400,FR0 261
way/86023818-400,FR0 3
way/86131984-400,FR0 45
way/86162998-400,FR0 11
way/86260099-400,FR0 133
way/86260748-400,FR0 282
way/86297273-400,FR0 222
way/86342772-400,FR0 56
way/86344183-400,FR0 169
way/86462910-225,FR0 60
way/86969390-225,FR0 80
way/89022039-225,FR0 247
way/89022080-400,FR0 193
way/890834366-400,FR0 24
way/89158123-225,FR0 404
way/90032133-225,FR0 359
way/90415251-225,FR0 410
way/907536278-225,FR0 391
way/90842395-400,FR0 26
way/90854143-225,FR0 135
way/91351689-225,FR0 206
way/92896823-225,FR0 325
way/93189928-400,FR0 428
way/95209542-225,FR0 0
way/95409416-225,FR0 97
way/956596300-225,FR0 271
way/95810878-225,FR0 156
way/96839470-225,FR0 308
way/98390525-400,FR0 361
way/986799738-225,FR0 29
way/98890904-400,FR0 27
way/98945703-225,FR0 384
way/99623587-225,FR0 313
way/99722046-400,FR0 126
way/136594238,FR3 0
GB10-275,GB1 307
GB13-400,GB1 250
GB14-400,GB1 184
GB15-275,GB1 241
GB16-400,GB1 258
GB17-275,GB1 224
GB20-400,GB1 24
GB22-400,GB1 133
GB25-400,GB1 248
GB26-275,GB1 288
GB27-400,GB1 129
GB28-275,GB1 190
GB29-275,GB1 153
GB30-400,GB1 256
GB31-400,GB1 268
GB32-400,GB1 101
GB33-400,GB1 188
GB34-400,GB1 293
GB36-400,GB1 306
GB37-275,GB1 282
GB39-400,GB1 275
GB40-275,GB1 291
GB41-275,GB1 246
GB42-275,GB1 84
GB44-275,GB1 26
GB47-400,GB1 308
GB48-400,GB1 265
GB50-400,GB1 214
GB51-400,GB1 11
GB52-400,GB1 56
GB53-400,GB1 287
GB54-400,GB1 139
GB55-275,GB1 94
GB56-400,GB1 255
GB57-400,GB1 267
GB58-275,GB1 167
GB59-275,GB1 254
GB60-275,GB1 296
GB61-275,GB1 201
GB63-400,GB1 88
GB65-400,GB1 204
GB66-275,GB1 197
GB68-275,GB1 280
GB69-400,GB1 193
GB7-275,GB1 155
GB71-275,GB1 236
GB72-400,GB1 218
GB73-400,GB1 290
GB78-400,GB1 221
GB79-400,GB1 302
GB81-400,GB1 69
GB83-400,GB1 234
GB9-275,GB1 102
relation/10377509-400,GB1 203
relation/10695345-400,GB1 147
relation/10925187-275,GB1 175
relation/11051275-400,GB1 82
relation/11543333-400,GB1 86
relation/12543034-275,GB1 274
relation/13110367-400,GB1 35
relation/13110368-400,GB1 140
relation/13110369-400,GB1 77
relation/13186702-275,GB1 281
relation/14921826-400,GB1 29
relation/7650368-400,GB1 14
relation/7872518-400,GB1 186
relation/7879831-400,GB1 57
relation/7880111-400,GB1 192
relation/7881280-400,GB1 118
relation/7886014-400,GB1 42
relation/7894457-400,GB1 7
relation/7894483-400,GB1 60
relation/7894974-400,GB1 276
relation/7894975-400,GB1 143
relation/7896785-275,GB1 113
relation/8087295-275,GB1 111
relation/9409219-400,GB1 146
relation/9572254-400,GB1 59
relation/9598269-400,GB1 62
way/100009331-400,GB1 65
way/100077745-400,GB1 232
way/101077623-400,GB1 301
way/101312018-275,GB1 212
way/101365758-275,GB1 189
way/102198808-400,GB1 49
way/102549055-400,GB1 150
way/103150854-400,GB1 305
way/103829261-400,GB1 300
way/103915328-400,GB1 106
way/109730296-400,GB1 294
way/1097582201-400,GB1 292
way/111528318-275,GB1 38
way/1120475588-400,GB1 124
way/1153252242-275,GB1 87
way/115530033-400,GB1 284
way/116539370-275,GB1 298
way/118821349-400,GB1 195
way/1190395478-400,GB1 83
way/119315534-275,GB1 210
way/119315549-275,GB1 108
way/119616836-400,GB1 177
way/121820285-275,GB1 262
way/123037622-275,GB1 136
way/123866712-275,GB1 310
way/1252341626-275,GB1 142
way/1262971878-275,GB1 19
way/1263095953-400,GB1 199
way/127184694-400,GB1 116
way/1274396508-400,GB1 149
way/1275300370-400,GB1 12
way/1297690788-275,GB1 228
way/133323988-400,GB1 123
way/135693940-275,GB1 126
way/142397822-400,GB1 36
way/142841192-400,GB1 28
way/142845284-400,GB1 34
way/143105488-275,GB1 41
way/143110887-275,GB1 309
way/143221984-275,GB1 44
way/143383456-400,GB1 151
way/143398451-400,GB1 238
way/143783006-400,GB1 148
way/143905069-400,GB1 222
way/147475796-275,GB1 295
way/148382435-275,GB1 73
way/153884024-275,GB1 164
way/159038999-400,GB1 159
way/159736514-400,GB1 247
way/160580052-400,GB1 229
way/160616357-275,GB1 277
way/163036722-400,GB1 206
way/164380199-275,GB1 299
way/16582436-400,GB1 261
way/166703758-275,GB1 219
way/166703759-275,GB1 183
way/166703766-400,GB1 2
way/167621580-400,GB1 257
way/183904046-275,GB1 243
way/184584639-275,GB1 286
way/190511290-400,GB1 138
way/193617444-400,GB1 266
way/200511209-400,GB1 278
way/200635683-275,GB1 152
way/20851038-400,GB1 10
way/209404646-400,GB1 259
way/211549457-275,GB1 252
way/212779654-400,GB1 253
way/222205173-275,GB1 61
way/227495569-275,GB1 211
way/227589012-400,GB1 209
way/22975329-400,GB1 283
way/23059230-400,GB1 179
way/23059268-275,GB1 304
way/23132983-275,GB1 58
way/23164132-400,GB1 213
way/23164256-400,GB1 96
way/23228362-400,GB1 137
way/23228569-275,GB1 227
way/23229136-275,GB1 180
way/232319495-275,GB1 21
way/23232738-400,GB1 46
way/23234477-275,GB1 225
way/23248656-275,GB1 105
way/23281217-400,GB1 132
way/23299362-400,GB1 71
way/23299657-400,GB1 117
way/23390317-275,GB1 100
way/239248206-400,GB1 25
way/23988786-400,GB1 47
way/241491759-275,GB1 39
way/24165071-400,GB1 93
way/25422135-400,GB1 18
way/25492769-275,GB1 67
way/25629803-400,GB1 174
way/25784732-275,GB1 182
way/25935453-400,GB1 9
way/260300448-275,GB1 141
way/262523325-400,GB1 128
way/262532045-400,GB1 216
way/263863442-400,GB1 55
way/264102298-400,GB1 202
way/264104518-400,GB1 168
way/264371625-275,GB1 198
way/26678829-400,GB1 52
way/26938722-400,GB1 68
way/27163121-400,GB1 166
way/27332350-275,GB1 15
way/280317944-400,GB1 1
way/28194931-275,GB1 16
way/284874050-400,GB1 81
way/28691559-400,GB1 54
way/29111844-400,GB1 114
way/292371992-400,GB1 191
way/292471784-400,GB1 27
way/295657862-275,GB1 231
way/297840585-400,GB1 170
way/306451400-275,GB1 205
way/308653819-275,GB1 264
way/30930911-275,GB1 223
way/31015820-400,GB1 0
way/310502642-400,GB1 237
way/311840838-275,GB1 272
way/313495269-400,GB1 207
way/314338790-400,GB1 271
way/315213320-275,GB1 217
way/31545125-400,GB1 169
way/32227788-400,GB1 32
way/32796576-400,GB1 20
way/33917128-400,GB1 17
way/34205588-400,GB1 107
way/34656007-400,GB1 13
way/367005272-275,GB1 176
way/371757485-400,GB1 249
way/375626500-400,GB1 289
way/41710456-400,GB1 135
way/422486984-400,GB1 173
way/42800878-400,GB1 80
way/43303585-400,GB1 245
way/43472283-400,GB1 122
way/447301159-400,GB1 120
way/45087479-275,GB1 115
way/4715504-400,GB1 226
way/472164401-400,GB1 51
way/4746208-400,GB1 89
way/494951597-400,GB1 244
way/49499923-400,GB1 194
way/495512689-400,GB1 163
way/495512692-400,GB1 74
way/495624575-275,GB1 240
way/49922626-400,GB1 53
way/533670766-400,GB1 269
way/55284068-275,GB1 119
way/553490952-400,GB1 33
way/567187951-275,GB1 233
way/59736773-275,GB1 208
way/624256368-275,GB1 185
way/630939126-275,GB1 172
way/635829123-400,GB1 31
way/636630368-400,GB1 98
way/636630371-400,GB1 273
way/65482882-400,GB1 103
way/676646876-400,GB1 160
way/677845115-400,GB1 112
way/68515955-400,GB1 181
way/689626274-400,GB1 127
way/701436399-400,GB1 285
way/71118225-400,GB1 158
way/730870685-275,GB1 279
way/76468460-275,GB1 200
way/77065229-400,GB1 75
way/775577829-400,GB1 215
way/778717371-275,GB1 91
way/785730495-400,GB1 134
way/796648851-275,GB1 297
way/81098733-275,GB1 72
way/814351697-400,GB1 23
way/820229174-275,GB1 90
way/820237569-400,GB1 171
way/842685465-275,GB1 239
way/84803250-275,GB1 4
way/86071326-400,GB1 5
way/87204522-400,GB1 242
way/87207123-400,GB1 45
way/87464485-400,GB1 157
way/87953830-400,GB1 48
way/88287125-400,GB1 50
way/88389243-400,GB1 97
way/884174267-400,GB1 187
way/89038614-400,GB1 79
way/89453364-400,GB1 131
way/89573357-400,GB1 109
way/89573358-400,GB1 263
way/89836009-275,GB1 40
way/90099036-400,GB1 22
way/90125443-400,GB1 92
way/90534270-400,GB1 63
way/90539508-400,GB1 95
way/90547674-400,GB1 37
way/90547685-275,GB1 3
way/91003253-400,GB1 130
way/91010022-400,GB1 220
way/91010711-400,GB1 121
way/91056548-400,GB1 85
way/91082448-400,GB1 30
way/91955171-400,GB1 104
way/92260633-275,GB1 43
way/92331023-275,GB1 156
way/92340133-400,GB1 66
way/92419253-400,GB1 125
way/92458761-400,GB1 165
way/92460913-400,GB1 76
way/925179651-400,GB1 64
way/92529432-400,GB1 270
way/92737152-275,GB1 144
way/93299730-400,GB1 162
way/93878867-275,GB1 178
way/94004582-400,GB1 196
way/94530230-400,GB1 260
way/94543520-275,GB1 251
way/95279334-400,GB1 6
way/95338682-400,GB1 78
way/95374266-275,GB1 303
way/95749833-400,GB1 154
way/95895489-400,GB1 70
way/96067520-275,GB1 99
way/96107758-400,GB1 145
way/96630594-275,GB1 8
way/96905262-400,GB1 235
way/97256377-400,GB1 161
way/97551523-400,GB1 230
way/98899051-400,GB1 110
way/137050527-275,GB4 7
way/142185552-275,GB4 3
way/148266260-275,GB4 6
way/166764802-275,GB4 1
way/227767019-275,GB4 0
way/227767022-275,GB4 5
way/230134599-275,GB4 2
way/339008021-275,GB4 4
IT1-220,IT0 134
IT10-220,IT0 123
IT100-220,IT0 1
IT101-220,IT0 286
IT102-380,IT0 72
IT103-220,IT0 169
IT104-220,IT0 322
IT105-220,IT0 322
IT106-220,IT0 64
IT107-220,IT0 350
IT108-220,IT0 350
IT109-220,IT0 294
IT11-220,IT0 263
IT110-220,IT0 305
IT111-220,IT0 305
IT112-220,IT0 140
IT113-220,IT0 345
IT117-220,IT0 63
IT118-380,IT0 63
IT119-380,IT0 15
IT12-220,IT0 76
IT120-380,IT0 230
IT121-380,IT0 230
IT122-380,IT0 77
IT123-380,IT0 145
IT124-380,IT0 228
IT125-380,IT0 277
IT127-380,IT0 111
IT128-220,IT0 359
IT130-220,IT0 190
IT133-220,IT0 149
IT134-380,IT0 150
IT135-220,IT0 73
IT138-380,IT0 101
IT139-380,IT0 101
IT140-380,IT0 191
IT142-380,IT0 152
IT143-380,IT0 281
IT15-220,IT0 241
IT16-220,IT0 327
IT18-220,IT0 161
IT19-380,IT0 328
IT2-220,IT0 336
IT21-380,IT0 328
IT23-380,IT0 332
IT24-380,IT0 332
IT25-380,IT0 126
IT26-380,IT0 126
IT27-220,IT0 209
IT28-380,IT0 126
IT3-380,IT0 62
IT30-220,IT0 302
IT31-220,IT0 47
IT33-220,IT0 227
IT34-380,IT0 315
IT38-220,IT0 260
IT4-380,IT0 335
IT42-220,IT0 121
IT43-380,IT0 128
IT44-380,IT0 224
IT45-380,IT0 224
IT47-220,IT0 231
IT48-220,IT0 45
IT49-220,IT0 51
IT5-220,IT0 314
IT51-380,IT0 320
IT52-220,IT0 26
IT53-220,IT0 265
IT54-380,IT0 320
IT55-380,IT0 306
IT56-380,IT0 262
IT57-380,IT0 262
IT59-220,IT0 172
IT6-220,IT0 229
IT60-400,IT0 222
IT61-400,IT0 222
IT62-380,IT0 316
IT63-220,IT0 239
IT64-220,IT0 97
IT65-220,IT0 3
IT66-220,IT0 331
IT68-220,IT0 251
IT69-220,IT0 240
IT7-220,IT0 303
IT70-220,IT0 184
IT72-220,IT0 344
IT73-380,IT0 279
IT74-220,IT0 178
IT75-220,IT0 133
IT76-220,IT0 27
IT77-380,IT0 177
IT78-380,IT0 177
IT79-380,IT0 333
IT8-220,IT0 356
IT82-220,IT0 264
IT84-220,IT0 245
IT85-220,IT0 254
IT86-220,IT0 12
IT87-220,IT0 352
IT88-220,IT0 280
IT89-220,IT0 283
IT9-220,IT0 123
IT91-220,IT0 299
IT92-380,IT0 250
IT93-380,IT0 115
IT94-380,IT0 157
IT95-220,IT0 284
IT96-220,IT0 79
IT97-220,IT0 357
IT98-220,IT0 170
IT99-220,IT0 198
relation/1377432-220,IT0 302
relation/13844905-380,IT0 18
relation/17467354-380,IT0 42
relation/6277789-380,IT0 182
relation/8840420-220,IT0 249
way/100253768-380,IT0 31
way/100407576-380,IT0 278
way/100952845-380,IT0 30
way/102185356-220,IT0 173
way/102185362-220,IT0 329
way/102287716-380,IT0 291
way/102675884-220,IT0 116
way/103007030-220,IT0 93
way/103127417-220,IT0 187
way/103264820-220,IT0 162
way/103306951-380,IT0 158
way/103381531-380,IT0 34
way/103386958-380,IT0 5
way/103418587-220,IT0 167
way/103549584-220,IT0 117
way/103653565-220,IT0 273
way/103653567-225,IT0 20
way/103653591-380,IT0 339
way/103725268-220,IT0 318
way/103974946-220,IT0 353
way/104114052-220,IT0 59
way/104239286-220,IT0 48
way/104239342-220,IT0 215
way/104321356-220,IT0 122
way/104359058-380,IT0 271
way/105062415-220,IT0 337
way/105141350-220,IT0 334
way/105141365-400,IT0 155
way/105153431-380,IT0 43
way/105462289-220,IT0 246
way/105757794-380,IT0 129
way/105757795-220,IT0 204
way/105801489-220,IT0 92
way/105827045-220,IT0 297
way/107204719-220,IT0 285
way/107681459-380,IT0 71
way/107683818-380,IT0 19
way/108020416-380,IT0 288
way/109588422-380,IT0 136
way/109756016-380,IT0 147
way/1097982502-380,IT0 338
way/1098087457-380,IT0 150
way/1098527891-220,IT0 181
way/109993642-380,IT0 23
way/109997676-380,IT0 296
way/1100665914-380,IT0 55
way/110138220-380,IT0 56
way/110310021-380,IT0 197
way/110330925-380,IT0 8
way/1103579629-380,IT0 258
way/110660048-380,IT0 301
way/111020792-220,IT0 211
way/1117128898-380,IT0 248
way/1134655722-220,IT0 340
way/114659171-220,IT0 110
way/114661587-380,IT0 176
way/114931087-380,IT0 58
way/1155109902-220,IT0 37
way/1158716725-380,IT0 100
way/116517585-380,IT0 213
way/116518388-380,IT0 81
way/116697005-380,IT0 298
way/116797658-380,IT0 112
way/1203262444-220,IT0 313
way/120356593-380,IT0 96
way/1204275778-220,IT0 287
way/1205235724-220,IT0 269
way/124220303-220,IT0 190
way/126203383-380,IT0 95
way/131291789-380,IT0 166
way/1317893096-220,IT0 127
way/132455976-220,IT0 310
way/132637884-220,IT0 348
way/132638645-220,IT0 2
way/132643428-220,IT0 234
way/132645607-220,IT0 110
way/132701023-220,IT0 326
way/132701980-380,IT0 212
way/132702940-220,IT0 235
way/132725149-220,IT0 304
way/132726160-220,IT0 242
way/133601335-380,IT0 120
way/135270825-220,IT0 105
way/136457747-220,IT0 9
way/137317951-220,IT0 321
way/139442467-380,IT0 91
way/139975773-380,IT0 253
way/143585004-380,IT0 22
way/146791061-380,IT0 14
way/147466201-220,IT0 75
way/148969091-380,IT0 309
way/151070909-220,IT0 168
way/151335166-220,IT0 206
way/153548074-220,IT0 238
way/155158689-380,IT0 54
way/155590373-380,IT0 301
way/155791516-380,IT0 220
way/155976582-220,IT0 219
way/156001963-220,IT0 275
way/156001981-220,IT0 275
way/157912118-380,IT0 191
way/158599954-220,IT0 28
way/158652469-220,IT0 354
way/159821869-220,IT0 29
way/161867064-220,IT0 192
way/162066058-220,IT0 311
way/162828577-380,IT0 89
way/162960205-380,IT0 107
way/163058980-220,IT0 99
way/163958919-220,IT0 324
way/163958920-220,IT0 346
way/166196787-220,IT0 270
way/172302572-380,IT0 179
way/172705586-220,IT0 90
way/181125039-380,IT0 355
way/189612607-380,IT0 274
way/199676823-380,IT0 175
way/202271565-380,IT0 225
way/202272734-220,IT0 142
way/202711181-220,IT0 214
way/207383904-220,IT0 317
way/208398923-380,IT0 119
way/209982720-380,IT0 154
way/211180338-380,IT0 135
way/214294769-220,IT0 84
way/236661269-380,IT0 210
way/257351439-380,IT0 70
way/288149641-220,IT0 269
way/296141722-220,IT0 98
way/303965869-380,IT0 32
way/309371152-220,IT0 325
way/309371153-220,IT0 106
way/321724202-380,IT0 153
way/338453112-380,IT0 114
way/338760116-380,IT0 87
way/338790588-380,IT0 60
way/338792752-380,IT0 21
way/338795626-380,IT0 195
way/339104227-380,IT0 163
way/339706878-380,IT0 46
way/339706879-380,IT0 208
way/339706880-380,IT0 25
way/34157795-380,IT0 347
way/350356755-220,IT0 17
way/354923815-220,IT0 293
way/35680992-220,IT0 266
way/363469921-380,IT0 52
way/36873258-380,IT0 102
way/375907988-220,IT0 201
way/376351180-220,IT0 41
way/376502663-220,IT0 317
way/376502734-220,IT0 351
way/376642649-220,IT0 259
way/376952592-220,IT0 348
way/376952616-220,IT0 295
way/377444648-220,IT0 235
way/377444657-220,IT0 342
way/377588184-220,IT0 308
way/377830944-220,IT0 254
way/377832777-220,IT0 276
way/392068532-380,IT0 223
way/39255054-380,IT0 250
way/40634284-380,IT0 183
way/412967424-220,IT0 69
way/41360305-380,IT0 68
way/416679116-220,IT0 125
way/416679117-220,IT0 319
way/418565263-380,IT0 312
way/41892273-400,IT0 218
way/419423700-220,IT0 186
way/419423704-380,IT0 36
way/419423705-380,IT0 268
way/420698910-220,IT0 50
way/42206116-380,IT0 104
way/42862642-220,IT0 13
way/435429368-220,IT0 340
way/435433908-220,IT0 103
way/435433909-220,IT0 249
way/448777455-220,IT0 293
way/449694943-380,IT0 108
way/491424937-400,IT0 7
way/495354824-380,IT0 39
way/504195617-220,IT0 343
way/50589203-220,IT0 10
way/507064051-220,IT0 164
way/53635045-220,IT0 33
way/56984450-220,IT0 0
way/57380344-220,IT0 141
way/57384507-380,IT0 38
way/57403755-220,IT0 165
way/57736541-220,IT0 159
way/57736553-220,IT0 44
way/58440884-380,IT0 236
way/58516664-220,IT0 325
way/58931857-380,IT0 4
way/58992998-380,IT0 146
way/59026315-380,IT0 82
way/590522266-380,IT0 307
way/591027058-380,IT0 258
way/59153311-380,IT0 252
way/59219335-380,IT0 148
way/59366523-380,IT0 6
way/59462263-380,IT0 196
way/59556712-380,IT0 131
way/59604857-220,IT0 257
way/59629638-220,IT0 289
way/60235685-380,IT0 86
way/60616350-380,IT0 53
way/60888331-380,IT0 74
way/60913666-380,IT0 180
way/60919237-380,IT0 282
way/61157826-380,IT0 144
way/61484190-220,IT0 143
way/61626687-380,IT0 113
way/61650514-220,IT0 16
way/61712456-380,IT0 130
way/62326314-380,IT0 185
way/64942789-380,IT0 200
way/66872608-220,IT0 65
way/67461115-220,IT0 171
way/68299044-380,IT0 300
way/72466334-380,IT0 207
way/72475426-380,IT0 202
way/72570378-380,IT0 85
way/72570474-380,IT0 109
way/72581705-380,IT0 193
way/74359510-220,IT0 49
way/74677138-380,IT0 217
way/74943205-380,IT0 57
way/75378894-380,IT0 138
way/75602396-380,IT0 24
way/75947556-380,IT0 199
way/76705565-380,IT0 124
way/76709660-380,IT0 137
way/772234863-380,IT0 174
way/78066534-380,IT0 35
way/79879290-220,IT0 259
way/80442466-220,IT0 205
way/80517630-380,IT0 272
way/81929591-380,IT0 194
way/81931074-380,IT0 118
way/81938081-380,IT0 40
way/82078641-380,IT0 232
way/82083756-380,IT0 151
way/82084013-380,IT0 243
way/82084019-380,IT0 83
way/82651599-220,IT0 61
way/82759380-380,IT0 349
way/82762493-380,IT0 139
way/82767145-380,IT0 323
way/82793962-220,IT0 156
way/83058212-380,IT0 244
way/83805453-380,IT0 78
way/83872215-380,IT0 132
way/84277460-220,IT0 94
way/84301904-380,IT0 292
way/84696559-380,IT0 226
way/84963374-220,IT0 247
way/85196861-380,IT0 290
way/85297730-220,IT0 255
way/88361192-220,IT0 280
way/891280888-380,IT0 67
way/93038661-380,IT0 80
way/93315059-380,IT0 203
way/93850768-220,IT0 267
way/93860115-380,IT0 358
way/944660251-220,IT0 330
way/96190189-380,IT0 216
way/96658563-220,IT0 237
way/96727258-220,IT0 341
way/98421779-380,IT0 256
way/98427149-380,IT0 261
way/98427407-220,IT0 11
way/98638424-220,IT0 189
way/98787157-220,IT0 221
way/988370787-220,IT0 267
way/988654143-380,IT0 188
way/98901130-380,IT0 233
way/98902899-380,IT0 88
way/99694910-380,IT0 66
way/99826025-380,IT0 160
IT131-380,IT2 11
IT132-380,IT2 12
way/118987056-380,IT2 6
way/136762727-380,IT2 3
way/141046481-220,IT2 7
way/144005861-220,IT2 8
way/144005863-380,IT2 9
way/144006711-220,IT2 0
way/303915533-380,IT2 1
way/375892272-220,IT2 5
way/409439916-380,IT2 2
way/432871051-220,IT2 10
way/432871052-220,IT2 4
way/1042974725-220,LU0 6
way/33814243-220,LU0 5
way/33814365-220,LU0 1
way/387620061-225,LU0 7
way/460847807-220,LU0 4
way/63089603-220,LU0 0
way/89176956-220,LU0 3
way/91823933-220,LU0 2
NL6-220,NL0 30
NL7-220,NL0 32
way/1099434374-220,NL0 14
way/1218950123-380,NL0 9
way/146901292-380,NL0 18
way/157902099-380,NL0 5
way/162176187-380,NL0 10
way/162179284-380,NL0 8
way/165242802-380,NL0 6
way/167695568-380,NL0 26
way/168037483-220,NL0 11
way/22984334-380,NL0 17
way/23096966-380,NL0 16
way/23135563-380,NL0 27
way/308181656-380,NL0 25
way/477949333-380,NL0 3
way/480742730-380,NL0 13
way/577158336-380,NL0 0
way/606842829-380,NL0 24
way/693745438-380,NL0 33
way/723528920-380,NL0 12
way/72888152-380,NL0 21
way/83423799-380,NL0 7
way/87177559-380,NL0 1
way/87207800-220,NL0 4
way/87354306-380,NL0 15
way/87358157-220,NL0 20
way/87448656-220,NL0 29
way/87792499-380,NL0 2
way/87794279-380,NL0 19
way/920127890-380,NL0 22
way/934114405-380,NL0 23
way/942640207-380,NL0 28
way/96382845-380,NL0 31
ES188-220,PT0 49
PT10-220,PT0 57
PT11-220,PT0 57
PT12-220,PT0 52
PT13-400,PT0 52
PT14-400,PT0 52
PT15-220,PT0 38
PT16-220,PT0 67
PT17-220,PT0 59
PT21-400,PT0 58
PT22-220,PT0 18
PT24-220,PT0 64
PT26-400,PT0 10
PT3-400,PT0 46
PT32-220,PT0 7
PT34-400,PT0 69
PT36-400,PT0 54
PT37-400,PT0 71
PT38-220,PT0 62
PT39-220,PT0 77
PT4-220,PT0 30
PT40-220,PT0 77
PT41-220,PT0 76
PT42-220,PT0 70
PT43-220,PT0 72
PT44-400,PT0 1
PT47-400,PT0 9
PT5-220,PT0 63
PT7-400,PT0 12
PT8-220,PT0 53
PT9-400,PT0 55
relation/17294958-400,PT0 30
way/1037899855-400,PT0 73
way/1041283619-400,PT0 36
way/1054310285-400,PT0 75
way/116944631-220,PT0 43
way/1202440398-220,PT0 80
way/124722161-400,PT0 66
way/126366408-220,PT0 55
way/127205502-220,PT0 37
way/127205653-220,PT0 2
way/129055610-400,PT0 41
way/131715746-400,PT0 34
way/132865612-400,PT0 46
way/135457230-400,PT0 22
way/137667702-220,PT0 47
way/142182853-400,PT0 74
way/142658477-220,PT0 38
way/144374439-400,PT0 25
way/144374442-220,PT0 0
way/144377301-220,PT0 53
way/144385734-400,PT0 49
way/144385735-220,PT0 61
way/144386243-220,PT0 15
way/144396412-400,PT0 68
way/144396420-220,PT0 28
way/144398555-220,PT0 56
way/144400130-220,PT0 50
way/144432478-220,PT0 45
way/144432485-220,PT0 32
way/144432489-220,PT0 5
way/144439469-400,PT0 58
way/144439472-400,PT0 31
way/144545398-220,PT0 40
way/144554435-400,PT0 78
way/144564903-400,PT0 23
way/144573746-400,PT0 39
way/144584580-220,PT0 19
way/144584585-220,PT0 13
way/144588414-220,PT0 4
way/144596347-220,PT0 27
way/144599061-400,PT0 20
way/144601080-400,PT0 8
way/144622215-400,PT0 21
way/144635505-400,PT0 11
way/144639174-400,PT0 17
way/144654759-220,PT0 70
way/144762180-220,PT0 14
way/151061884-400,PT0 6
way/151111218-220,PT0 79
way/151162379-220,PT0 44
way/151162388-400,PT0 60
way/151168335-400,PT0 42
way/201459319-400,PT0 3
way/24636044-400,PT0 54
way/24636062-220,PT0 76
way/402947133-220,PT0 14
way/690953979-220,PT0 16
way/694016335-400,PT0 33
way/751560789-400,PT0 51
way/753364578-400,PT0 35
way/767739005-400,PT0 26
way/813954335-400,PT0 29
way/964625644-400,PT0 65
way/987944916-400,PT0 24
way/988035260-400,PT0 48
