Line,0
merged_relation/11762422-400-b+2,141
merged_relation/1208415-380-c+1,611
merged_relation/14096017-380-b+3,128
merged_relation/14096018-380-b+5,139
merged_relation/14592471-380-b+1,270
merged_relation/14592735-380-c+1,624
merged_relation/14650683-220-a+2,158
merged_relation/1636708-380-b+1,395
merged_relation/1735055-220-a+2,291
merged_relation/1735059-220-d+2,292
merged_relation/3693986-380-c+1,652
merged_relation/3883863-380-a+1,504
merged_relation/3916226-380-c+3,159
merged_relation/3926258-380-b+1,431
merged_relation/3943784-220+1,519
merged_relation/3948325-400-a+2,160
merged_relation/5410916-380-b+1,62
merged_relation/5609696-380-a+3,202
merged_relation/5978210-220-a+1,156
merged_relation/6194778-225-b+4,1490
merged_relation/6266651-380+1,2009
merged_relation/6270034-380-c+2,1964
merged_relation/6359579-400-a+1,1440
merged_relation/6430001-400-b+1,1460
merged_relation/6879072-225+1,1088
merged_relation/69489-380-a+1,370
merged_relation/8423568-225-b+1,1014
merged_relation/8481942-225-e+4,968
merged_way/100497456-400+1,1242
merged_way/100861731-400+1,1616
merged_way/101203873-220+1,1979
merged_way/102885058-1-220+7,178
merged_way/1029008416-220+2,2011
merged_way/103881921-220+1,896
merged_way/103961903-400+1,1520
merged_way/1054310286-400+2,2251
merged_way/105623757-220+2,64
merged_way/106509511-380+2,57
merged_way/106607617-220+8,548
merged_way/106620935-1-380+1,567
merged_way/106694584-225+1,1288
merged_way/107175372-1-380+1,612
merged_way/107175372-2-220+1,612
merged_way/107686849-220+1,559
merged_way/108188242-1-220+3,406
merged_way/108388734-1-220+1,354
merged_way/109330042-1-380+8,537
merged_way/1093664414-380+7,641
merged_way/109563298-1-220+1,513
merged_way/1098393180-380+1,617
merged_way/1106689555-3-220+2,130
merged_way/1106689555-380+2,130
merged_way/111700589-220+2,976
merged_way/111963058-3-220+7,206
merged_way/111963058-380+2,224
merged_way/1122891802-400+1,2215
merged_way/112454229-1-380+2,320
merged_way/112454229-2-220+1,320
merged_way/1131127616-1-380+1,576
merged_way/1131127622-380+1,577
merged_way/114377984-1-380+6,402
merged_way/114377984-2-220+4,402
merged_way/114438591-400+1,1735
merged_way/114984936-380+4,84
merged_way/1155109900-220+1,2104
merged_way/117219267-400+2,1696
merged_way/118354783-1-225+3,1406
merged_way/118436919-380+1,209
merged_way/1185493736-380+1,290
merged_way/118904273-380+1,208
merged_way/119854574-225+1,1256
merged_way/119854592-225+1,1256
merged_way/120042944-220+1,921
merged_way/120042960-220+1,1020
merged_way/120494099-220+10,423
merged_way/1205148002-220+1,1966
merged_way/121089541-225-a+2,1373
merged_way/121199247-2-220+3,513
merged_way/122910469-400-b+1,1044
merged_way/1241945684-1-380+1,503
merged_way/125232794-400+3,955
merged_way/1254835017-400+1,987
merged_way/127205657-220+2,2231
merged_way/127205660-220+3,2266
merged_way/127528723-1-220-a+2,875
merged_way/127875102-1-400+3,1354
merged_way/127875102-2-225+1,1354
merged_way/128602096-220+2,2081
merged_way/1286792202-380+3,489
merged_way/128714156-380+2,579
merged_way/1290077791-275+2,1506
merged_way/129175345-380+2,700
merged_way/129518306-220+1,820
merged_way/130110647-1-400-b+3,1248
merged_way/130110647-2-225-a+1,1245
merged_way/130110647-2-225-b+1,1394
merged_way/130229448-220+1,13
merged_way/131293965-220+1,1981
merged_way/131472622-380+2,433
merged_way/134568224-380+1,49
merged_way/135457224-400+1,866
merged_way/135909670-400+1,2217
merged_way/137569748-400+1,1000
merged_way/138220867-380+2,445
merged_way/139305260-1-380+2,396
merged_way/139305260-2-220+2,396
merged_way/140575361-380+5,184
merged_way/142456150-225+2,1501
merged_way/142839882-1-400+1,1708
merged_way/143848416-220+1,411
merged_way/143865171-400+1,1765
merged_way/143980167-220+3,247
merged_way/144161444-220-b+1,862
merged_way/144232574-220+2,255
merged_way/144233437-400+10,815
merged_way/144312478-220+1,878
merged_way/144327162-400+1,891
merged_way/144377305-1-400+3,2232
merged_way/144377305-2-220+5,2228
merged_way/144377307-1-400+2,2249
merged_way/144377307-2-220+2,2249
merged_way/144385747-220+2,2266
merged_way/144396407-1-400+2,2227
merged_way/144396407-2-220+4,2227
merged_way/144396426-400+4,2233
merged_way/144396427-220+2,2231
merged_way/144545402-1-400+1,2209
merged_way/144545402-2-220+2,2209
merged_way/144554436-400+1,2264
merged_way/144599064-400+1,917
merged_way/144616553-400+1,2271
merged_way/144651441-220+2,2226
merged_way/144909704-400-a+1,860
merged_way/144909712-400+1,859
merged_way/145129281-1-380+5,476
merged_way/145129281-2-220+2,477
merged_way/145171000-400+1,950
merged_way/145177005-400+2,948
merged_way/145177006-2-220+2,900
merged_way/145430558-220+1,836
merged_way/145614717-400+1,877
merged_way/145792625-220+2,750
merged_way/146086014-220+2,609
merged_way/148773314-1-380+4,192
merged_way/148773314-2-220+1,192
merged_way/151967297-2-220+3,585
merged_way/152107801-220+4,573
merged_way/152107836-1-380+3,574
merged_way/152403734-380+2,561
merged_way/152542161-220+3,411
merged_way/152924493-1-380+1,221
merged_way/152924510-1-380+1,571
merged_way/152924510-2-220+2,572
merged_way/153089338-220+2,410
merged_way/155269862-1-220+4,557
merged_way/155745289-400+2,1764
merged_way/156348853-1-380+2,152
merged_way/156348853-2-220+3,152
merged_way/156676048-1-380+1,614
merged_way/156684001-380+3,480
merged_way/156960648-1-380+3,295
merged_way/157160048-1-380+2,438
merged_way/157160048-2-220+3,438
merged_way/157903633-1-380+4,599
merged_way/159685340-1-220+3,691
merged_way/160279578-400+1,1597
merged_way/160415067-220+1,2165
merged_way/160485212-1-380+6,650
merged_way/160485212-2-220+15,457
merged_way/160777367-1-400+1,1639
merged_way/160991579-380+2,109
merged_way/160991582-400+1,125
merged_way/161224163-2-220+1,110
merged_way/161479349-380+4,98
merged_way/162452078-380+2,2172
merged_way/162952232-220+7,1983
merged_way/163401432-380+4,2192
merged_way/163857038-2-220-a+4,193
merged_way/164112589-380+4,374
merged_way/165371025-220+2,2113
merged_way/166639438-400+1,1327
merged_way/166648308-275+1,1589
merged_way/167299613-1-380+7,434
merged_way/168708392-220+1,1878
merged_way/169116881-1-380+9,717
merged_way/169536831-380+1,461
merged_way/169703125-1-220+1,829
merged_way/169703145-1-220+2,782
merged_way/170367420-400+3,762
merged_way/170367424-220+2,962
merged_way/170367432-220+1,758
merged_way/170479582-220+3,737
merged_way/170479590-400+1,987
merged_way/170479603-400+1,881
merged_way/170485432-400+1,756
merged_way/170490620-2-220+4,737
merged_way/170490628-400+1,737
merged_way/170699847-220+2,930
merged_way/171003614-400+1,1591
merged_way/171003615-400+3,1591
merged_way/171699931-220+2,1944
merged_way/173265203-225-a+2,1198
merged_way/174719095-225+1,1077
merged_way/176700208-2-220+1,196
merged_way/177838535-380+1,329
merged_way/178899706-275+1,1609
merged_way/178899726-1-400+2,1652
merged_way/181917945-220+2,845
merged_way/185849924-1-220+2,522
merged_way/186825544-225+2,1210
merged_way/189574879-220+2,651
merged_way/189574885-1-380+3,651
merged_way/189577165-220+3,1872
merged_way/190098041-220+2,817
merged_way/190815004-220+1,618
merged_way/192138831-220+3,756
merged_way/192311639-400+1,823
merged_way/192332067-220+5,940
merged_way/192511235-400+3,834
merged_way/192643737-400+1,1008
merged_way/193460866-2-275+1,1509
merged_way/194801349-1-380-a+2,179
merged_way/194801349-220-a+1,134
merged_way/195538144-1-380+6,199
merged_way/195538144-2-220+4,199
merged_way/196202218-220+3,733
merged_way/196484434-220+2,732
merged_way/196533215-220+1,856
merged_way/197660112-225+2,1198
merged_way/198215266-1-380+3,152
merged_way/198215266-2-220+1,155
merged_way/199288357-220-a+1,2120
merged_way/200409374-220+3,726
merged_way/201153707-1-380+2,459
merged_way/201153707-2-220+2,459
merged_way/201507063-400+5,2218
merged_way/202074723-220+1,1810
merged_way/202576764-2-220+1,654
merged_way/202711198-220+2,2041
merged_way/204707702-220+1,855
merged_way/205114603-1-220+2,112
merged_way/207578308-220+3,350
merged_way/208256287-1-380+2,481
merged_way/208256287-2-220+2,481
merged_way/208487760-380+1,167
merged_way/210566650-220+2,1903
merged_way/210604529-1-220+5,1847
merged_way/210631188-220+1,1877
merged_way/210650656-1-220+7,1980
merged_way/210665247-400+2,1372
merged_way/211047676-275+1,1572
merged_way/211529795-220+1,2039
merged_way/211752281-220+2,1958
merged_way/211897402-220+2,2040
merged_way/211965695-220+3,739
merged_way/215856860-400+1,971
merged_way/217807127-400+1,816
merged_way/219919304-220+2,550
merged_way/220798108-1-275+3,1598
merged_way/220798108-2-400+2,1598
merged_way/224616645-220+1,1969
merged_way/226890249-400+1,1571
merged_way/22766290-1-380+3,684
merged_way/22766290-2-220+3,684
merged_way/22997371-400+2,1713
merged_way/230274894-400+2,1187
merged_way/231511679-225-a+2,1233
merged_way/231741801-1-380+2,478
merged_way/231741801-2-220+1,478
merged_way/23300073-400+1,1553
merged_way/23361109-1-400+1,1570
merged_way/23361109-2-275+3,1573
merged_way/23382106-380+1,649
merged_way/235222457-225+4,1422
merged_way/235370828-400+1,1253
merged_way/235577019-220+2,30
merged_way/23598077-220+3,482
merged_way/238138400-380+1,187
merged_way/240543053-1-380-a+5,267
merged_way/240543053-2-220-a+1,267
merged_way/240692416-1-380+4,156
merged_way/240692416-2-220+5,156
merged_way/243146012-1-380+1,332
merged_way/24428845-1-380+1,425
merged_way/24462486-1-380+2,406
merged_way/24479533-380+3,693
merged_way/24493930-380+2,429
merged_way/24523546-380+1,699
merged_way/24532884-1-380+6,319
merged_way/24833555-380+5,422
merged_way/24846754-380+7,360
merged_way/24864330-1-380+3,525
merged_way/24864330-2-220+6,222
merged_way/249097291-1-220+5,207
merged_way/25028229-1-380+3,556
merged_way/25028229-2-220+3,556
merged_way/25039686-1-380+2,548
merged_way/25314891-2-220+1,597
merged_way/25331184-380+4,430
merged_way/253385905-1-380+6,165
merged_way/253385905-2-220+4,165
merged_way/25359793-220-b+1,65
merged_way/25492634-275+3,1691
merged_way/25510978-400+1,1761
merged_way/25788425-1-380+1,636
merged_way/25788425-2-220+2,636
merged_way/258617188-220+2,1886
merged_way/259468195-1-220+2,642
merged_way/26565859-380+1,277
merged_way/26971631-220+1,66
merged_way/26982408-1-220+1,677
merged_way/27044875-220+1,425
merged_way/27092940-1-220+1,523
merged_way/27196813-1-380+4,213
merged_way/27196813-2-220+6,216
merged_way/27275258-220+3,545
merged_way/277828184-1-380+1,311
merged_way/27854188-2-220+1,159
merged_way/28112089-220+8,261
merged_way/28194762-275+1,1711
merged_way/28203625-1-380+4,638
merged_way/28203625-2-220+4,638
merged_way/283908304-380+1,487
merged_way/284701899-220+4,633
merged_way/284965427-380+5,558
merged_way/284969513-220+4,361
merged_way/28658059-220+3,439
merged_way/286668849-1-380+2,145
merged_way/286668849-2-220+1,145
merged_way/288192154-220+1,546
merged_way/290703850-380+3,490
merged_way/291125209-1-220+1,410
merged_way/292478328-1-275+2,1577
merged_way/29252732-380+2,658
merged_way/29252734-220+1,491
merged_way/29291584-380+4,284
merged_way/293584681-400+1,1695
merged_way/296529805-1-380+4,397
merged_way/30132577-1-380+2,710
merged_way/30132577-2-220+3,710
merged_way/30181272-380+1,442
merged_way/30246219-1-380+3,566
merged_way/30416989-380+1,274
merged_way/305074370-275+1,1710
merged_way/309079148-380+1,685
merged_way/30970013-1-380+3,61
merged_way/30970013-2-220+3,61
merged_way/31311091-2-220+8,310
merged_way/31333769-1-380+8,310
merged_way/31363228-1-380+1,352
merged_way/31363228-2-220+4,352
merged_way/313887568-1-400+5,1508
merged_way/313887568-2-275+2,1570
merged_way/315429397-220+4,2095
merged_way/31865610-400+2,1675
merged_way/318693011-1-220+5,1848
merged_way/319018240-2-275+1,1629
merged_way/319018241-1-400+1,1658
merged_way/319018242-1-400+1,1628
merged_way/319018242-2-275+2,1669
merged_way/31911224-220+5,587
merged_way/320500928-1-380+10,175
merged_way/328017422-400+1,1432
merged_way/33174242-380+1,437
merged_way/332890452-220+3,163
merged_way/333332920-225+1,1392
merged_way/33813956-220+2,711
merged_way/338361032-380+2,371
merged_way/338361038-380+2,479
merged_way/338764873-380+1,2048
merged_way/339184905-380+1,203
merged_way/34174571-380+5,680
merged_way/342455286-1-380+3,613
merged_way/345884492-220+4,2057
merged_way/351661145-1-220+3,670
merged_way/352376135-380+2,349
merged_way/352376142-380+3,349
merged_way/359804479-400+2,1703
merged_way/365556103-1-380+3,166
merged_way/365556103-2-220+1,166
merged_way/365562192-220+1,164
merged_way/365587460-220+2,145
merged_way/365587953-1-220+1,192
merged_way/365592859-220+1,194
merged_way/366078109-2-220+2,182
merged_way/367428574-220+2,138
merged_way/36784592-1-380+2,421
merged_way/367886301-1-220+1,1987
merged_way/36805658-400+2,1454
merged_way/368842755-225+2,1187
merged_way/37090208-380+3,601
merged_way/373422850-225+1,187
merged_way/376674015-220+1,2079
merged_way/37826246-1-220+5,640
merged_way/37982818-220+2,401
merged_way/38139845-380+2,226
merged_way/38243743-2-220+6,598
merged_way/38890797-225+1,1427
merged_way/39076066-1-380+1,223
merged_way/39076066-2-220+2,223
merged_way/39217174-220+4,758
merged_way/399230215-220+2,880
merged_way/399284315-1-220+4,738
merged_way/3993385-400+1,1779
merged_way/40059125-400+4,1614
merged_way/40162573-1-220+4,225
merged_way/40692628-220+2,474
merged_way/407317843-1-400+5,1059
merged_way/40801071-220+1,688
merged_way/41374780-1-380+3,640
merged_way/41981221-1-220+4,532
merged_way/41981234-220+2,531
merged_way/42412115-220+1,5
merged_way/42436308-1-380+5,458
merged_way/42436743-400+2,1664
merged_way/42488871-380+1,257
merged_way/42507067-380+1,390
merged_way/42508055-1-380+1,391
merged_way/42509126-2-220+1,389
merged_way/42557078-380+2,514
merged_way/426020692-2-225+3,1318
merged_way/428519717-380+1,2152
merged_way/43171099-220+2,568
merged_way/43575375-380+2,355
merged_way/44045899-2-275+3,1724
merged_way/447374597-1-400+1,1502
merged_way/449010724-380+2,324
merged_way/45083560-1-400+4,1646
merged_way/45083560-2-275+6,1758
merged_way/46107365-1-380+4,662
merged_way/46107365-2-220+4,662
merged_way/47248249-1-380+12,308
merged_way/47297508-220+2,386
merged_way/474145439-400+1,812
merged_way/478868126-1-380+1,565
merged_way/478868126-2-220+2,269
merged_way/48906232-1-380+4,681
merged_way/48906232-2-220+3,681
merged_way/490285905-225+1,1221
merged_way/492715859-380+1,2178
merged_way/495516064-275+1,1590
merged_way/49868531-380+3,263
merged_way/50306784-1-380+1,158
merged_way/50306784-2-220+1,158
merged_way/504180303-400+1,969
merged_way/50902489-380+1,142
merged_way/51265421-380+4,2187
merged_way/51370887-220+6,575
merged_way/521228484-380+9,727
merged_way/52287252-400+1,804
merged_way/52531482-220+1,1017
merged_way/531352772-1-400+4,2242
merged_way/531352773-1-400+4,2242
merged_way/54359261-2-220+1,230
merged_way/54902235-380+1,516
merged_way/554275861-380+2,70
merged_way/56234205-380+2,236
merged_way/574218866-380+6,219
merged_way/574577676-380+8,472
merged_way/574577691-380+2,492
merged_way/576439249-400+4,945
merged_way/57727003-1-380+2,376
merged_way/589296231-400+3,834
merged_way/59219334-380+1,1947
merged_way/59584539-2-220+1,626
merged_way/59646914-1-400+3,1648
merged_way/59710184-400+1,1530
merged_way/60261709-3-220+6,359
merged_way/60261709-380+1,359
merged_way/60347306-220+1,1003
merged_way/60616351-380+2,2116
merged_way/60725324-2-220+5,357
merged_way/60725327-1-380+4,407
merged_way/60725327-2-220+4,407
merged_way/60725329-1-380+4,405
merged_way/60725329-2-220+1,405
merged_way/60924231-1-380+6,591
merged_way/61733762-1-380+7,701
merged_way/61971060-1-380+6,451
merged_way/62332171-380+3,157
merged_way/624256374-275+1,1671
merged_way/630053210-275+3,1531
merged_way/630217227-275+1,1651
merged_way/632859242-275+2,1698
merged_way/635393161-400+2,1617
merged_way/636494221-225+1,1456
merged_way/636635195-400+2,1562
merged_way/63803752-1-220+2,191
merged_way/657221815-400+1,899
merged_way/65831764-220+1,817
merged_way/66676627-220+1,663
merged_way/68561219-1-380+2,556
merged_way/68561219-2-220+2,556
merged_way/68979392-275+1,1550
merged_way/68979639-275+2,1532
merged_way/68980032-400+2,1697
merged_way/690953989-220+2,2220
merged_way/69195608-275+1,1598
merged_way/69195616-1-400+1,1656
merged_way/69195616-2-275+3,1656
merged_way/69195634-400+2,1558
merged_way/700739200-400+1,1252
merged_way/71400903-220+2,178
merged_way/71503492-1-220+4,701
merged_way/71507853-380+4,2190
merged_way/721834522-275+1,1771
merged_way/722623109-220+3,2253
merged_way/72658449-220+5,686
merged_way/733884560-380+2,653
merged_way/74003850-380+2,468
merged_way/741639709-1-380+5,346
merged_way/74257811-220+2,1886
merged_way/74257817-220+1,1886
merged_way/747519549-400+1,1025
merged_way/749660314-400+2,2211
merged_way/75947638-220+1,2060
merged_way/760653906-225+3,1390
merged_way/76076401-220+2,1907
merged_way/760958089-1-380+1,253
merged_way/764132324-275+3,1522
merged_way/764139982-400+2,1521
merged_way/765260456-220+7,644
merged_way/78043300-220+2,603
merged_way/781632468-3-220+3,227
merged_way/781632468-380+1,637
merged_way/781651113-220+1,441
merged_way/782134455-220+2,898
merged_way/782134455-400+1,898
merged_way/791648255-400+4,915
merged_way/79174485-220+1,426
merged_way/79174500-380+2,677
merged_way/79174516-1-220+1,671
merged_way/797009537-2-275+5,1726
merged_way/8004066-220+3,609
merged_way/80130019-1-380+3,283
merged_way/80159036-400+2,888
merged_way/803903330-380-b+2,187
merged_way/806238478-1-380+3,454
merged_way/810562775-400+3,2254
merged_way/810821779-2-400+2,2248
merged_way/81354098-2-220+2,648
merged_way/813954334-400+1,2261
merged_way/81665248-1-400-a+3,1325
merged_way/81665248-2-225-a+1,1325
merged_way/823824022-400+1,822
merged_way/82763143-1-380-a+1,285
merged_way/82763143-1-380-b+1,286
merged_way/82763143-2-220-b+4,543
merged_way/834600037-220+1,1886
merged_way/84059972-400+2,882
merged_way/842119255-1-380+3,623
merged_way/842119255-2-220+3,623
merged_way/842418530-1-380+2,682
merged_way/842418532-380+6,378
merged_way/84242541-225-b+4,1048
merged_way/844115029-1-380+1,358
merged_way/844516315-380+3,372
merged_way/84963326-220+2,2113
merged_way/850698155-380+1,582
merged_way/85077418-225+2,1291
merged_way/85273679-225-b+2,1316
merged_way/856834935-220-b+1,148
merged_way/860159351-380+1,307
merged_way/87623154-380+2,356
merged_way/8762976-380+1,312
merged_way/883985540-380+2,444
merged_way/88497477-220+2,1011
merged_way/88801054-2-220+1,85
merged_way/89118988-400+2,734
merged_way/89176951-220+1,2161
merged_way/89349035-400+1,1615
merged_way/89372970-400+2,1615
merged_way/89573353-1-400+2,1702
merged_way/907539359-380+4,326
merged_way/91220224-2-275+2,1583
merged_way/91403537-400+1,997
merged_way/91752659-220+2,113
merged_way/91885297-1-400+7,1579
merged_way/91885297-2-275+2,1630
merged_way/920094545-380+2,668
merged_way/92165135-1-380+2,234
merged_way/92737153-275+4,1610
merged_way/93258757-400+2,1741
merged_way/93261459-1-400+5,1723
merged_way/93261459-2-275+5,1723
merged_way/94525430-220+2,1886
merged_way/94746055-1-400-b+3,802
merged_way/94746055-2-220-a+1,850
merged_way/94746055-2-220-b+1,801
merged_way/94963876-220+4,1011
merged_way/953757611-220+3,275
merged_way/95863557-220-b+1,42
merged_way/96107745-1-400+8,1580
merged_way/96107745-2-275+3,1584
merged_way/96645598-400+2,1619
merged_way/971780154-1-220-b+1,704
merged_way/971780154-2-380-b+2,323
merged_way/97564577-1-220+2,1928
merged_way/997957650-380+8,252
merged_way/99827009-220+1,1978
relation/10000708-220,2183
relation/10000710-220,2183
relation/10012411-225-b,1081
relation/10014556-380,2168
relation/10014557-380,2168
relation/10014558-220,2168
relation/10014559-220,2168
relation/10014569-220,2170
relation/10014570-220,2170
relation/10016702-225,1214
relation/10016703-225,1217
relation/10016705-225,1215
relation/10018190-380,2169
relation/10018191-380,2169
relation/10024443-380,2176
relation/10024444-380,2176
relation/10044936-225,1070
relation/10106801-225,1051
relation/10180135-225,1220
relation/1022003-380,518
relation/1022004-380,510
relation/10243148-225,1190
relation/10243149-225,1190
relation/10243150-225,1190
relation/10243158-225,1190
relation/10264157-225,1377
relation/10358954-225,1062
relation/10358955-225-b,1062
relation/10400791-225,1298
relation/10408157-225-b,1124
relation/10414344-225,1314
relation/10414355-225-b,1317
relation/10414360-225,1315
relation/10427839-225,1363
relation/10442377-225,1365
relation/10442379-225,1476
relation/10462836-225,1115
relation/10462837-225,1115
relation/10466585-225,1194
relation/10468409-225,1310
relation/10483972-225,1149
relation/10483974-225,1443
relation/10489102-225,1192
relation/10489103-225,1192
relation/10508903-225,1245
relation/10547433-225-b,1123
relation/10577031-225,1121
relation/10588954-380,241
relation/10670272-380,97
relation/10670456-380,78
relation/10702896-400,1179
relation/10702897-400,1183
relation/10738252-380,2173
relation/10738253-380,2173
relation/10739699-380,2186
relation/10739700-380,2186
relation/10739701-380,2186
relation/10739917-380,2185
relation/10739918-380,2185
relation/10739937-380,2194
relation/10739938-380,2194
relation/10739993-380,2195
relation/10740048-380,2206
relation/10740049-380,2206
relation/10740906-380,124
relation/10740907-380,124
relation/10782784-380,2196
relation/10782785-380,2196
relation/10782841-380-a,2203
relation/10782842-380-a,2203
relation/1082809-380,259
relation/1082816-380,256
relation/1082817-380-b,363
relation/1083988-220-a,308
relation/1083990-380-c,233
relation/1084001-220-b,424
relation/1084027-220,309
relation/1084032-220-b,586
relation/1084046-220,309
relation/10958265-380,2191
relation/10958266-380,2191
relation/11025999-225,1302
relation/1102892-380-b,625
relation/11075364-400,1068
relation/11075365-400,1065
relation/11223311-380,647
relation/11223312-380,645
relation/112804-380,370
relation/112810-220-b,631
relation/11281423-225,1232
relation/11281425-225,1240
relation/114252-220,347
relation/114782-380,383
relation/114789-380,552
relation/1167326-220,404
relation/1173397-380,323
relation/1177425-220,368
relation/1177426-220,368
relation/1188841-380,669
relation/1188844-380,669
relation/12004718-220,2205
relation/12004719-220,2207
relation/12118732-225,1250
relation/12225921-380,97
relation/12226294-380,73
relation/12226295-380,72
relation/12226568-380-b,122
relation/12226569-380-a,94
relation/12226569-380-b,92
relation/12226570-380-a,94
relation/12226570-380-b,92
relation/1224880-220,610
relation/1224881-220,610
relation/12300319-380,335
relation/12300322-220,398
relation/1246131-380,2184
relation/12479136-380-b,362
relation/12479137-380,666
relation/12479461-380-b,668
relation/12479462-380-b,668
relation/12544904-380-a,293
relation/12544904-380-b,217
relation/12613554-380,80
relation/12695150-380,2197
relation/12737981-400,1298
relation/12774271-400,1377
relation/12818416-380,318
relation/12819660-380,315
relation/12819661-380,248
relation/12825581-380,293
relation/12842819-380,551
relation/12842820-380,551
relation/12900764-380,377
relation/129420-380,317
relation/129422-380,709
relation/13082598-380-a,1992
relation/13082598-380-c,1993
relation/13082599-380,2089
relation/13082600-380,2091
relation/13082601-380,2068
relation/13082602-380,1880
relation/13082603-380,1883
relation/13082604-380,2132
relation/13082605-380,2088
relation/13082606-380,2022
relation/13082750-380,2023
relation/13082751-380,2127
relation/13082752-380,2090
relation/13108141-380,2072
relation/13108142-380,2030
relation/13108145-380,1900
relation/13108360-380-a,2070
relation/13136695-380-c,1830
relation/13137091-380,1867
relation/13137092-380,1867
relation/13148052-220,2143
relation/13148054-220,2001
relation/13148055-220,2001
relation/13158723-220,1868
relation/13164350-380,1815
relation/13164351-380,1806
relation/13164353-380,1810
relation/13164354-380,1810
relation/13164355-380,2136
relation/13164356-380-a,2077
relation/13164356-380-c,2078
relation/13164357-380-a,1971
relation/13164357-380-c,1851
relation/13164358-380,1852
relation/13184659-220,1988
relation/13184660-220,1989
relation/13239127-380,538
relation/14023984-400,1317
relation/14023985-400,1317
relation/14033344-225,1098
relation/14033346-225-b,1098
relation/14096692-400,1399
relation/14183705-225,1370
relation/14183706-225,1371
relation/14193084-225,1363
relation/14193159-225,1193
relation/14193160-225,1193
relation/14236924-380,231
relation/142684-220,716
relation/14353890-400,1199
relation/14353891-400,1277
relation/14435819-380,419
relation/14459971-380,273
relation/14488153-380,657
relation/14510605-380,594
relation/14510606-380,594
relation/14510647-380-a,665
relation/14510648-380,665
relation/14514288-380,723
relation/14514424-380-b,618
relation/14514476-225,1432
relation/145510-380-b,470
relation/145510-380-d,628
relation/14567632-380,453
relation/14595857-380-c,676
relation/14595857-380-e,675
relation/14596023-380,412
relation/14596024-380,412
relation/14597254-380,506
relation/14617003-380-b,416
relation/14648167-380,281
relation/14650713-380-a,249
relation/15093737-225,1257
relation/15093739-225,1257
relation/15093741-225,1257
relation/15093742-225,1257
relation/15093743-225,1257
relation/15093745-225,1257
relation/15097913-380,443
relation/15097914-380,443
relation/15460907-225,1273
relation/15460908-225-b,1322
relation/15748179-400,1160
relation/15751730-220,220
relation/1597759-380,2184
relation/16339851-220,2204
relation/1636721-220,580
relation/1636726-220,580
relation/1636729-380-a,414
relation/1636782-220,536
relation/1636783-220,720
relation/1636863-380,528
relation/1636864-380,592
relation/1636865-380,592
relation/1636866-380,528
relation/1636917-380,698
relation/1637163-380,606
relation/1641463-380-b,215
relation/1641463-380-c,539
relation/1641463-380-e,540
relation/1641471-220-b,498
relation/1641474-380-b,215
relation/1641474-380-c,539
relation/1641474-380-e,540
relation/1641702-380-a,408
relation/1641702-380-c,676
relation/1641706-380-a,408
relation/1641706-380-b,675
relation/1641756-380,250
relation/1641761-380-c,250
relation/1641773-380,281
relation/16466098-220,2207
relation/16466099-220,2205
relation/16758533-380,2198
relation/16758534-380,2198
relation/16837450-225,1092
relation/16837451-225,1091
relation/16920908-225,1181
relation/16920909-225,1042
relation/17189379-220,639
relation/17189385-220,639
relation/1735138-220-a,529
relation/1735138-220-c,229
relation/17475925-225,1439
relation/17476058-225,1066
relation/1750800-220-b,47
relation/1750800-220-c,25
relation/1750800-220-d,26
relation/17820230-220-b,149
relation/18156259-225,1123
relation/18156260-225,1123
relation/1906209-380,330
relation/2140374-220,643
relation/2170424-400,1701
relation/2170425-400,1627
relation/2170427-400-c,1625
relation/2188188-380,323
relation/2238161-220,535
relation/2247028-380,244
relation/2247029-380,244
relation/2247304-220,400
relation/2247305-220,415
relation/2247306-220,399
relation/2247333-380,304
relation/2247334-380,400
relation/2247335-380,302
relation/2252482-380-b,446
relation/2450379-220,698
relation/252583-380,469
relation/252584-380,469
relation/270536-380,316
relation/270963-380,318
relation/272103-380-b,547
relation/272126-380,488
relation/272728-220-a,394
relation/272729-220-b,393
relation/272732-220-a,452
relation/2798852-380,204
relation/289000-380,453
relation/2910798-380,380
relation/2910799-380,381
relation/2927579-380,313
relation/2927580-380,313
relation/2928164-380,608
relation/2928165-380,607
relation/2928166-380,505
relation/2928167-380,608
relation/2952534-380,303
relation/2952535-380,303
relation/3109630-380,300
relation/3228400-380-b,455
relation/3302864-380,506
relation/3306342-380,242
relation/3306343-380,242
relation/3528700-380,494
relation/3533527-380-b,491
relation/3533700-380-a,656
relation/3534540-380,495
relation/3534541-380,495
relation/3534542-380,552
relation/3687803-380-b,294
relation/3688562-380,248
relation/3688563-380,315
relation/3694014-380,563
relation/3694016-380-b,725
relation/3694017-380,724
relation/3694018-380,673
relation/3697399-380-a,432
relation/3697399-380-c,708
relation/3707291-380-b,416
relation/3707292-380,241
relation/3707293-380,712
relation/3710278-380-b,279
relation/3710279-380,501
relation/3710281-380-a,282
relation/3710286-380-b,280
relation/3717716-400,201
relation/3717718-400,719
relation/3717719-220,719
relation/3730420-380,695
relation/3730421-380,297
relation/3730422-380,296
relation/3732172-380-b,341
relation/3732383-380,301
relation/3732384-380,486
relation/3732385-380,674
relation/3732386-380,333
relation/3732387-380,337
relation/3732388-380-b,336
relation/3732388-380-c,503
relation/3732389-380,502
relation/3732390-380-b,541
relation/3738982-380,511
relation/3739953-220,417
relation/3739954-220,417
relation/3739955-380,657
relation/3742238-220,398
relation/3742239-220,713
relation/3742240-220,713
relation/3742241-380,714
relation/3742242-380,714
relation/3749524-380,238
relation/3749525-380,687
relation/3749527-380-a,462
relation/3749845-220,464
relation/3749846-220,466
relation/3749847-220,722
relation/3749848-220,465
relation/3749850-220-a,630
relation/3749851-220,689
relation/3749852-380,690
relation/3749855-380,619
relation/3756855-220-a,500
relation/3756857-220-c,655
relation/3756858-220-b,555
relation/3756990-380,706
relation/3756991-220,705
relation/3803496-220-b,553
relation/3805411-380,301
relation/3866868-220,672
relation/3866869-220,340
relation/3866871-380,246
relation/3866872-380,251
relation/3866873-380,379
relation/3873611-380,377
relation/3874448-380,210
relation/3874449-380,340
relation/3874450-380,340
relation/3874451-380,339
relation/3874452-380,211
relation/3883856-380,418
relation/3883858-380,419
relation/3885010-380,538
relation/3885011-380-a,249
relation/3885012-380-a,328
relation/3885041-380,508
relation/3885042-380,508
relation/3885043-380,240
relation/3885044-380,240
relation/3885045-380,232
relation/3885046-380,245
relation/3888200-220-a,264
relation/3889743-220-b,327
relation/3889744-220-b,485
relation/3889745-220,385
relation/3915993-380-c,158
relation/3916522-380-a,200
relation/3918228-220,520
relation/3918229-220-b,499
relation/3943779-220,375
relation/3943780-220-c,343
relation/3945260-220,730
relation/3948318-220,51
relation/3948319-380,51
relation/3948320-380,60
relation/3948322-220,52
relation/3948323-220-a,26
relation/3948324-220,46
relation/3948326-220-b,25
relation/3948362-220,4
relation/3952096-220,428
relation/3989160-220,220
relation/3989161-380,186
relation/3989163-380-c,475
relation/418172-380,2188
relation/418173-380,2188
relation/418355-380,2167
relation/418356-380,2167
relation/4430965-380-b,345
relation/4742468-220-a,973
relation/4742560-400,1005
relation/4742561-400,1005
relation/4742996-400-b,885
relation/4797223-380,1949
relation/4797224-380,1951
relation/4797280-380,2123
relation/4798326-220,1841
relation/4798327-220,1841
relation/4798436-220,1961
relation/4798437-220,1961
relation/4799352-400,1022
relation/4799353-400,1022
relation/4799653-220,1840
relation/4799654-220,1840
relation/4799676-220,1833
relation/4799677-220,1831
relation/4799678-220,1839
relation/4799679-220,1831
relation/4799680-220,1833
relation/4799681-220,1839
relation/4800568-220,1832
relation/4800570-220,1832
relation/4800990-275,1794
relation/4801050-275,1796
relation/4801051-275,1792
relation/4801529-275,1790
relation/4801530-275,1797
relation/4801531-275,1787
relation/4801532-275,1790
relation/4801533-275,1789
relation/4801558-275,1795
relation/4801559-275,1795
relation/4801584-275,1791
relation/4801586-275,1791
relation/4801795-275,1788
relation/4801797-275-a,1793
relation/4819879-380-b,547
relation/5207092-380,418
relation/5217016-400,1176
relation/5217026-400,1167
relation/5217027-400,1167
relation/5217077-400,1180
relation/5217078-400,1180
relation/5227179-220-a,2199
relation/5227180-220,2199
relation/5247406-220-a,369
relation/5247533-380,383
relation/5247596-380,488
relation/5310263-225,1445
relation/5310264-225,1445
relation/5312122-400,1445
relation/5312123-400,1445
relation/5312132-400,1075
relation/5312133-400,1075
relation/5312235-400,1267
relation/5312237-225,1268
relation/5313927-400-b,1073
relation/5313928-400,1335
relation/5313929-400-a,1334
relation/5313980-400,1074
relation/5314401-400,1339
relation/5314402-400,1340
relation/5314403-400,1340
relation/5314404-400,1339
relation/5314438-225,1339
relation/5314582-225,1096
relation/5314583-225,1096
relation/5314584-225,1096
relation/5314914-225,1216
relation/5319748-275,1613
relation/5319752-275,1613
relation/5321015-225-a,1349
relation/5327531-220-a,154
relation/5334826-220,375
relation/5339198-400-a,1720
relation/5339210-275,1641
relation/5339211-275,1603
relation/5339212-275,1641
relation/5339213-275,1603
relation/5339248-275,1642
relation/5339249-275,1642
relation/5342119-400,1587
relation/5342123-400,1757
relation/5342126-400,1587
relation/5342127-400,1757
relation/5342137-400,1731
relation/5342138-400,1731
relation/5410912-380-b,9
relation/5430193-400-a,1329
relation/5435443-220-b,193
relation/5435444-220-b,193
relation/5444503-400,1451
relation/5444504-400,1453
relation/5444505-400,1453
relation/5444506-400,1453
relation/5444715-225,1452
relation/5454976-400,1721
relation/5454977-400,1721
relation/5457629-275,1736
relation/5457630-275,1736
relation/5459012-400,1751
relation/5459033-275,1753
relation/5459034-275,1783
relation/5459035-275,1752
relation/5459463-400,1549
relation/5462443-220,139
relation/5463097-400,1661
relation/5463098-400-a,1767
relation/5463098-400-b,1662
relation/5463099-400,1766
relation/5463100-400,1754
relation/5463101-400-a,1775
relation/5463101-400-b,1755
relation/5463159-400,1672
relation/5463160-400,1673
relation/5463161-400,1581
relation/5463162-400,1582
relation/5465329-225,1260
relation/5465775-225,1230
relation/5465786-225,1471
relation/5465787-225,1494
relation/5486612-380,335
relation/5497488-380-a,288
relation/5497488-380-c,521
relation/5497490-380-a,288
relation/5497490-380-c,521
relation/5507286-380,712
relation/5517848-225,1443
relation/5517849-225,1443
relation/5519856-400,1441
relation/5519857-225,1148
relation/5548375-225,1055
relation/5548376-225,1057
relation/5548377-225,1056
relation/5548378-225,1084
relation/5548390-225-a,1243
relation/5548390-225-b,1244
relation/5548391-225,1416
relation/5548393-225,1094
relation/5549595-400,1068
relation/5552912-400-c,1242
relation/5552939-225-b,1241
relation/5552940-220,2061
relation/5552941-220,132
relation/5552945-220,133
relation/5557189-400,1414
relation/5557191-400,1414
relation/5557201-400,1491
relation/5563323-380,205
relation/5563324-380,1827
relation/5568094-225,1147
relation/5593862-275,1559
relation/5593863-275,1559
relation/5615994-220,149
relation/5621020-225,1259
relation/5621021-225,1258
relation/5621059-400,1177
relation/5621060-400,1177
relation/5621451-225,1169
relation/5621479-400,1168
relation/5621480-400,1168
relation/5623540-225,1178
relation/5623541-225,1178
relation/5637300-400,1262
relation/5637314-400,1266
relation/5637315-400,1137
relation/5645820-220,145
relation/5645821-220,145
relation/5663096-400,1461
relation/5663097-400,1485
relation/5663098-400,1485
relation/5663099-400,1461
relation/5663128-400,1080
relation/5663129-400,1080
relation/5663135-225,1078
relation/5665643-225,1303
relation/5665772-400,1065
relation/5665806-225,1064
relation/5665807-225,1064
relation/5669096-225,1368
relation/5669097-225,1368
relation/5671209-400,1717
relation/5671212-400,1716
relation/5671213-400,1759
relation/5673511-400,1536
relation/5673515-400,1536
relation/5674501-400,1411
relation/5674502-400,1155
relation/5674503-400,1410
relation/5674507-400,1411
relation/5674511-400,1462
relation/5674513-400,1153
relation/5675019-225,1284
relation/5675083-225,1284
relation/5676158-275,1505
relation/5676159-275,1777
relation/5676160-275,1737
relation/5676161-275,1738
relation/5676162-400,1620
relation/5676163-400,1620
relation/5676165-275,1505
relation/5676277-400,1504
relation/5676279-400,1504
relation/5676867-400,1518
relation/5676869-400,1518
relation/5676914-400-c,1674
relation/5676915-400-d,1674
relation/5676965-400,1575
relation/5676966-400,1575
relation/5676967-400,1574
relation/5676968-400,1574
relation/5688071-225,1052
relation/5688075-400,1045
relation/5688076-400,1045
relation/5688077-400,1143
relation/5688078-400,1143
relation/5716119-380,154
relation/5716121-220,154
relation/5719716-225,1294
relation/5719718-225,1444
relation/5719719-225-a,1270
relation/5719719-225-b,1295
relation/5805467-380,334
relation/5900934-225-a,1219
relation/5900937-400,1468
relation/5900939-400,1468
relation/5900941-400,1381
relation/5900943-400,1381
relation/5952065-225,1464
relation/5952072-400,1377
relation/5952073-400,1378
relation/5952074-400,1378
relation/5964247-400,1133
relation/5977376-225-a,1293
relation/5986624-380-b,151
relation/5986625-380,153
relation/5986626-380,170
relation/5989312-400,1466
relation/5989313-225,1133
relation/5989314-400,1202
relation/5989315-400,1466
relation/5989316-400,1202
relation/5989317-400,1382
relation/5989318-225,1133
relation/5989319-400,1382
relation/5995919-225-a,1355
relation/5995919-225-b,1404
relation/5995921-400,1428
relation/5995922-400,1225
relation/5995923-400,1049
relation/5995925-400,1428
relation/5995926-400,1298
relation/5995927-400,1428
relation/5995928-400,1054
relation/5995929-400,1049
relation/5995931-400,1228
relation/5995932-400,1428
relation/5995933-400,1225
relation/5995934-400,1226
relation/5995935-400,1226
relation/5995936-400,1226
relation/5995937-400,1046
relation/5995938-400,1053
relation/5995939-400,1428
relation/5995940-400,1227
relation/5995942-400,1053
relation/6007206-400-b,1265
relation/6027741-220,2140
relation/6028662-225,1226
relation/6028663-225,1226
relation/6029277-220-b,1909
relation/6029503-380,1920
relation/6029561-220,2073
relation/6031720-220-b,151
relation/6031721-220-b,151
relation/6031725-220,169
relation/6031726-220,169
relation/6031778-225,1348
relation/6040317-380,1808
relation/6042039-380,1890
relation/6042040-380,1889
relation/6106029-400,1306
relation/6106030-400,1319
relation/6106031-400,1313
relation/6106032-400,1496
relation/6106033-400,1496
relation/6106034-400,1170
relation/6106035-400-a,1050
relation/6106035-400-b,1047
relation/6148806-400,1106
relation/6170184-400,1107
relation/6170185-400,1219
relation/6170187-400,1219
relation/6170188-400,1107
relation/6170189-400-b,1325
relation/6170191-400,706
relation/6194772-400,1498
relation/6194773-400,1498
relation/6194776-400,1328
relation/6194777-400,1328
relation/6194779-400,1326
relation/6198618-400,1442
relation/6198619-400,1347
relation/6198620-400,1346
relation/6198621-400,1469
relation/6198622-400,1469
relation/6211540-400,1111
relation/6211541-400,1365
relation/6211543-225,1364
relation/6211544-400,1109
relation/6211546-400,1364
relation/6211548-400,1109
relation/6221839-400,1315
relation/6221840-400,1419
relation/6221841-400,1419
relation/6221842-400,1500
relation/6221843-400,1315
relation/6221845-400,1500
relation/6266519-380,1842
relation/6266521-380,1919
relation/6266641-380,2006
relation/6266642-380,1846
relation/6266643-380,2142
relation/6266644-380,2008
relation/6266645-380-a,2005
relation/6266645-380-b,2109
relation/6266646-380,1918
relation/6266647-380,1925
relation/6266648-380,1975
relation/6266649-380,2122
relation/6266650-380,1927
relation/6266653-380,2121
relation/6266654-380,1976
relation/6268354-400,1417
relation/6268355-400,1152
relation/6268356-400,1417
relation/6270033-380,1895
relation/6270035-380,1963
relation/6270036-380,2045
relation/6270037-380,1985
relation/6270038-380,1986
relation/6270039-380,2058
relation/6270040-380-a,2056
relation/6270042-380,2034
relation/6270043-380,2141
relation/6270045-380,1805
relation/6270047-380-c,2014
relation/6270048-380-d,2014
relation/6270049-380,2054
relation/6270050-380,2130
relation/6270051-380,1896
relation/6270052-380,1896
relation/6270053-380,1811
relation/6270054-380,1959
relation/6270055-380-b,1828
relation/6270056-380,2017
relation/6270057-380,2093
relation/6270058-380,1990
relation/6270059-380,1814
relation/6270061-380,1813
relation/6270063-380,2018
relation/6270064-380,1861
relation/6270065-380,1862
relation/6270066-380,1804
relation/6270067-380,1812
relation/6270068-380,2016
relation/6270069-380,2106
relation/6270070-380,1898
relation/6270071-380,1897
relation/6270075-380,2108
relation/6270076-380,2015
relation/6270078-380,1965
relation/6270079-380,2042
relation/6270082-380,1899
relation/6270096-380,1897
relation/6272084-380,1858
relation/6272085-380-c,1904
relation/6272086-380,1972
relation/6272087-380,2063
relation/6272089-380,1859
relation/6272092-380,2062
relation/6272093-380,2036
relation/6272095-380,2098
relation/6272096-380-b,2100
relation/6272097-380,1954
relation/6272098-380-b,1956
relation/6272099-380-b,2025
relation/6272099-380-c,2026
relation/6272101-380,2081
relation/6272102-380,2081
relation/6272103-380,2035
relation/6272146-380,1938
relation/6272148-380,2118
relation/6272149-380,2118
relation/6272150-380,1996
relation/6272241-380-a,1866
relation/6272242-380,1973
relation/6272245-380,1997
relation/6272246-380,1913
relation/6272247-380-a,1946
relation/6272247-380-b,1948
relation/6272248-380,1935
relation/6272250-380,1937
relation/6272251-380,1915
relation/6272255-380,2126
relation/6272257-380,1939
relation/6272258-380,1952
relation/6272262-380,2125
relation/6272263-380,1974
relation/6272265-380,2128
relation/6272266-380,1973
relation/6272267-380,1995
relation/6273604-380,1912
relation/6273605-380,1912
relation/6273610-380-b,1914
relation/6273615-380,1823
relation/6274464-220,2051
relation/6274465-220-b,2053
relation/6274466-220,2053
relation/6291067-400,1418
relation/6291068-400,1418
relation/6291069-400,1212
relation/6291070-400,1207
relation/6291071-400,1361
relation/6309055-220,2012
relation/6309060-220,2083
relation/6310287-225,1234
relation/6326757-400,1454
relation/6326758-400,1280
relation/6326759-400,1154
relation/6326761-400,1154
relation/6326762-400,1283
relation/6326763-400,1291
relation/6326764-400,1283
relation/6326765-400,1291
relation/6326766-400,1454
relation/6326767-400,1280
relation/6333478-400,1047
relation/6333479-400,1047
relation/6333480-400,1047
relation/6333481-225-b,1047
relation/6333482-400,1047
relation/6344557-400,1768
relation/6344559-400,1653
relation/6344560-400,1654
relation/6344742-220,1809
relation/6359567-400,1145
relation/6359570-225,1188
relation/6359580-400-a,1331
relation/6359580-400-c,1923
relation/6359581-400-a,1331
relation/6359581-400-c,1923
relation/6359586-400,1145
relation/6359587-400,1145
relation/6359637-400,1486
relation/6359638-400,1487
relation/6359639-400,1229
relation/6359640-400,1489
relation/6359641-400,1229
relation/6359642-400,1487
relation/6359643-400,1486
relation/6359644-400,1481
relation/6359647-400,1479
relation/6360843-380,1845
relation/6360844-380,1845
relation/6362590-400,1308
relation/6362591-400,1307
relation/6371742-380,2155
relation/6372258-380,2153
relation/6377671-220,2154
relation/6388043-220,2146
relation/6388044-220,2148
relation/6388047-220,2157
relation/6388048-220,2158
relation/6388193-220,2149
relation/6388194-220,2156
relation/6388197-220,2144
relation/6390520-220-a,2110
relation/6390583-225,1069
relation/6410877-225,1098
relation/6410878-400,1205
relation/6410879-400,1205
relation/6410880-400,1206
relation/6410881-400,1206
relation/6414543-380,2147
relation/6414548-380,2160
relation/6421049-400,1157
relation/6421050-400,1157
relation/6421051-400,1157
relation/6421052-400,1157
relation/6429991-400,1195
relation/6429992-400,1126
relation/6429993-400,1129
relation/6429994-400,1126
relation/6429996-400,1127
relation/6429997-400,1127
relation/6429999-400-a,1341
relation/6430000-400-a,1341
relation/6432671-220,2159
relation/6433063-220,1953
relation/6433153-380,1807
relation/6433154-380,1807
relation/6433642-380,2117
relation/6436805-400,1338
relation/6436806-400,1336
relation/6445020-225,1445
relation/6452449-225,1266
relation/6452450-400,1413
relation/6452451-400,1413
relation/6463658-380,382
relation/6492537-400,1301
relation/6492539-400,1301
relation/6501650-220,954
relation/6501651-220,953
relation/6501652-220,978
relation/6503955-400,1104
relation/6503956-400,1200
relation/6503957-400,1102
relation/6503958-400,1102
relation/6503959-400-a,1358
relation/6503960-400,1200
relation/6503961-400-a,1358
relation/6503962-400,1357
relation/6503963-400,1103
relation/6529731-220,1801
relation/6529733-220,1803
relation/6529734-220-a,1799
relation/6529734-220-c,2003
relation/6530783-400,1035
relation/6530784-400,1033
relation/6530785-400,1035
relation/6530786-400,1033
relation/6530787-400,1203
relation/6530788-400,1203
relation/6530789-400,1015
relation/6533620-380-a,1945
relation/6533620-380-c,2024
relation/6534733-400,1071
relation/6534734-225,1492
relation/6534735-400,1072
relation/6534736-400,1072
relation/6534737-400,1492
relation/6534739-400,1071
relation/6534741-225,1290
relation/6534742-400,1071
relation/6534743-225,1290
relation/6549547-225,1343
relation/6549667-225,1397
relation/6551935-225,1342
relation/6553337-400,1343
relation/6553338-400,1343
relation/6553347-400,1281
relation/6553348-400,1281
relation/6553364-400,1079
relation/6553365-400,1079
relation/6553674-400,1197
relation/6553675-400,1197
relation/6553704-400,1118
relation/6553705-400,1118
relation/6554458-400-a,1458
relation/6554522-400-a,1407
relation/6554523-400,1407
relation/6554524-400,1407
relation/6554531-400,1405
relation/6554532-400,1405
relation/6588390-220,2129
relation/6588391-220,2029
relation/6588392-220,2028
relation/6588393-220,2046
relation/6589120-400,1386
relation/6589121-400,1386
relation/6589557-220,2145
relation/6598957-400,1611
relation/6598958-400-a,1756
relation/6598959-400,1756
relation/6598960-400,1611
relation/6605871-225,1387
relation/6605872-400,1161
relation/6605874-400,1163
relation/6605875-400,1161
relation/6605876-400,1388
relation/6605878-400,1388
relation/6605879-400,1163
relation/6605880-400,1208
relation/6605881-400,1208
relation/6620632-400,1450
relation/6620634-400,1431
relation/6620635-400,1209
relation/6620636-400,1209
relation/6630110-400,1432
relation/6630118-400,1432
relation/6652780-400,1125
relation/6652921-400,1171
relation/6662139-220,1962
relation/6662140-220,1962
relation/6662326-380-a,1960
relation/6662326-380-c,2119
relation/6663379-400,81
relation/6668144-400,185
relation/6671040-380,1869
relation/6674724-225,1246
relation/6681899-380,2182
relation/6681902-380,2182
relation/6681905-380,2202
relation/6681906-220,2174
relation/6683499-220,2175
relation/6691715-225,1499
relation/6691716-400,1399
relation/6691717-225,1174
relation/6694739-225,1089
relation/6694740-225,1448
relation/67131-380,300
relation/6718972-225,1477
relation/6718973-225,1477
relation/6718974-225,1477
relation/6718975-225,1477
relation/6727613-225-b,1049
relation/6727614-225,1049
relation/6727619-225,1049
relation/6727621-225,1049
relation/6740948-225,1330
relation/6740949-225,1330
relation/6742213-225,1047
relation/6757414-225,1275
relation/6757415-225,1048
relation/67585-380,382
relation/6771820-380,595
relation/6771821-380,595
relation/6801120-225,1261
relation/6801123-225,1260
relation/6804064-400-b,832
relation/6804064-400-d,974
relation/6804108-400-c,999
relation/6809733-225,1438
relation/6809734-225,1438
relation/6809736-225,1452
relation/6809737-225,1367
relation/6809738-225,1366
relation/6823113-225,1037
relation/6823114-225,1037
relation/6823115-225,1038
relation/6842890-400,884
relation/6842897-400-b,785
relation/6848539-220-b,874
relation/6879073-225-a,1087
relation/6901349-225,1190
relation/6901350-225,1189
relation/6942076-225,1171
relation/6942077-225,1170
relation/6942082-225-c,1474
relation/69488-220-a,369
relation/6964570-225-b,1299
relation/6984580-225,1213
relation/6989831-400-a,942
relation/6989832-400-a,942
relation/6994324-225,1276
relation/6994327-225,1138
relation/6994328-225,1132
relation/6994329-225,1086
relation/6994330-225,1264
relation/6994331-225,1134
relation/6994332-225,1085
relation/6997559-225-c,1286
relation/6997562-225,1353
relation/6997564-225,1352
relation/7013974-225,1229
relation/7013978-225,1488
relation/7025395-225,1230
relation/7034389-400,1024
relation/7034390-400,762
relation/7046249-225,1375
relation/7046250-225,1043
relation/7046251-225-c,1039
relation/7046252-225,1041
relation/7054743-220-b,342
relation/7062314-225,1425
relation/7062321-225,1182
relation/7062322-225,1376
relation/7074320-225-a,1472
relation/7074321-225,1473
relation/7074322-225,1424
relation/7074324-225,1337
relation/7074325-225,1185
relation/71281-380,494
relation/7191351-380-a,656
relation/7301038-225,1433
relation/7301039-225,1433
relation/7449256-225,1190
relation/7782719-225,1385
relation/7797149-225,1274
relation/7797150-225,1380
relation/7797151-225,1380
relation/7797153-225,1379
relation/7797160-225,1172
relation/7814836-400,1434
relation/7822614-225,1495
relation/7822615-225,1309
relation/7822617-225,1061
relation/7828421-225,1332
relation/7839725-225,1357
relation/7839726-225-a,1150
relation/7847994-225,1100
relation/7854464-380,511
relation/7879392-400,1196
relation/7879393-400,1196
relation/7879760-400,1159
relation/7879762-400,1108
relation/7901439-225,1401
relation/7901443-225,1402
relation/7901444-225,1201
relation/7901445-225-b,1204
relation/7906560-225,1228
relation/7906564-225-a,1239
relation/7945537-225,1142
relation/7945540-225,1140
relation/7945541-225,1082
relation/7981306-225,1345
relation/7981307-225,1345
relation/7981309-225,1139
relation/8307563-225,1122
relation/8307565-225,1120
relation/8307568-225,1426
relation/8307569-225-a,1297
relation/8386523-225,1430
relation/8388867-225,1263
relation/8388868-225-a,1369
relation/8388868-225-b,1467
relation/8388872-225-a,1237
relation/8398063-225,1378
relation/8417711-225-a,1101
relation/8417712-225,1101
relation/8417714-225,1101
relation/8417718-225,1311
relation/8417720-225,1224
relation/8423569-225,1130
relation/8423570-225,1131
relation/8423571-225,1036
relation/8423572-225,1036
relation/8423573-225,1036
relation/8423574-225,1034
relation/8481943-400-b,968
relation/8509754-225,1285
relation/8509755-225,1449
relation/8522405-225-a,1411
relation/8531135-225,1165
relation/8531136-225,1165
relation/8539040-380-b,367
relation/8596829-225,1447
relation/8596830-225,1447
relation/8596831-225,1447
relation/8606380-220,2083
relation/8606381-380,2138
relation/8606382-380,2082
relation/8629539-225-a,1463
relation/8629539-225-b,1420
relation/8629544-225-b,1462
relation/86589-380,444
relation/8664475-225,1114
relation/8664478-225,1076
relation/8664479-225,1114
relation/8664480-225,1114
relation/8664689-225,1249
relation/8664693-225,1250
relation/8671021-275,1568
relation/8671022-275,1568
relation/8671159-275-a,1569
relation/8704543-275,1626
relation/8704544-275,1626
relation/8727870-225-b,1387
relation/8727871-225-b,1387
relation/8767013-400,1680
relation/8767014-400,1740
relation/8767015-400,1679
relation/8767419-400-a,1621
relation/8767419-400-b,1623
relation/8767420-400-a,1621
relation/8767420-400-b,1622
relation/8767421-400,1705
relation/8767422-400,1706
relation/8769895-275,1605
relation/8769896-275,1605
relation/8769897-275-b,1770
relation/8778309-275,1670
relation/8778310-275,1670
relation/8786263-225,1359
relation/8786264-225-a,1361
relation/8786266-225-a,1360
relation/8786710-225,1119
relation/8786711-225,1119
relation/8786715-225,1119
relation/8786716-225,1119
relation/8787361-400,1156
relation/8790021-275-b,1688
relation/8790022-275,1689
relation/8790023-275-a,1699
relation/8822487-275,1551
relation/8822488-275,1551
relation/8835627-225,1247
relation/8835628-225,1247
relation/8835632-225-b,1455
relation/8837293-225,1362
relation/8837294-225,1421
relation/8868542-400-a,1586
relation/8878564-225,1409
relation/8878565-225,1323
relation/8878571-225,1324
relation/8890469-225,103
relation/8890470-225,103
relation/8890474-225,1110
relation/8890476-225-b,1218
relation/8890477-225,1219
relation/902595-380,729
relation/902597-380,507
relation/9036573-225,105
relation/904158-380,366
relation/904159-380,365
relation/904160-380,728
relation/9047088-275,1517
relation/9047089-275,1517
relation/9053428-225,1470
relation/9053431-225,1444
relation/9058508-225-b,1112
relation/9058509-225-c,1113
relation/9058510-225,1113
relation/9067780-225,1112
relation/9067781-225,1112
relation/907513-380,646
relation/9079265-380,2113
relation/9094833-225,1346
relation/9094834-225,1346
relation/9094838-225,1113
relation/9094839-225,1113
relation/9096171-220,1921
relation/9096177-220,1843
relation/9096178-220,1844
relation/9096715-225,1363
relation/912407-380,273
relation/9129937-225,1333
relation/9129938-225,1493
relation/9158611-225,1193
relation/9158620-225-a,1406
relation/9176290-225,1189
relation/9176291-225,1189
relation/9176292-225,1189
relation/9176293-225,1189
relation/919059-380,314
relation/919060-380,314
relation/919119-380,634
relation/919121-380,634
relation/9212221-225,1067
relation/9259303-225,1393
relation/9259304-225,1347
relation/9259305-225,1347
relation/9259308-225-c,1393
relation/9259309-225,1393
relation/9259310-225-b,1393
relation/9259313-225,1190
relation/9269273-380,2201
relation/9269274-380,2201
relation/9319365-380,2193
relation/9319366-380,2193
relation/9345395-275,1534
relation/9345396-275,1534
relation/9345397-275,1700
relation/9345398-275,1700
relation/9361881-225,1433
relation/9361884-225,1209
relation/9361885-225,1209
relation/9361891-225,1433
relation/945143-220-b,325
relation/9467831-225,1190
relation/9509524-225,1091
relation/9509525-225,1090
relation/9510548-225-c,1124
relation/9510553-225,1383
relation/9510556-225,1465
relation/9510557-225,1384
relation/9510558-225,1384
relation/962120-380-a,451
relation/962120-380-b,450
relation/962121-380,696
relation/962122-380,697
relation/9790881-225-b,1071
relation/9790882-225,1071
relation/9790883-225,1071
relation/9798975-225,1162
relation/9798976-225,1164
relation/9803445-225,1196
relation/9803446-225,1281
relation/9803447-225,1281
relation/9803448-225-b,1281
relation/9803451-225,1344
relation/9803452-225,1344
relation/9803454-225,1235
relation/9803455-225,1236
relation/9847853-225,1256
relation/9867899-225,1397
relation/9867900-225,1282
relation/9867902-225,1281
relation/9884499-225,1256
relation/9936473-380,2177
relation/9936474-380,2177
relation/9938283-225,1256
relation/9938287-225,1256
relation/9938296-225,1116
relation/9958786-220,2180
relation/9958787-220,2180
relation/9959204-220,2181
relation/9959205-220,2181
relation/9964476-220,2200
relation/9964477-220,2200
relation/9965193-220,2174
relation/9965195-380,2202
relation/9981859-380,606
relation/9993205-400,1760
relation/9993206-400,1760
way/1000255458-400,846
way/1001117406-380,2071
way/1004273735-220,54
way/100505988-225,1241
way/100660969-220,889
way/100661079-220-a,1004
way/100829786-380,2150
way/100829789-380,2150
way/100830354-380,2150
way/100830581-380,2151
way/101008941-275,1565
way/101008949-275,1606
way/101080881-400,1746
way/101255904-380,1816
way/101430219-220,112
way/101435016-380,1817
way/102185358-220,1999
way/102279895-400,1513
way/102549056-275,1636
way/102549060-400,1635
way/102580354-225,1117
way/102592270-220,1929
way/103056194-220,119
way/103401934-1-380,10
way/103401937-380,69
way/103404265-1-380,35
way/103549535-220,1863
way/103653513-400,1516
way/1039142633-220,56
way/104020717-400,951
way/104020748-400,744
way/104239334-220,1943
way/104310040-400,1602
way/104450944-220,150
way/104906943-380,154
way/104932428-220,1857
way/1050341737-400,2255
way/105272179-220,745
way/105362719-380,43
way/105957597-220-a,1856
way/105957597-220-b,1991
way/106292308-220-a,2037
way/1062991446-400,1553
way/106779102-380,29
way/107204718-220,1967
way/107358544-220,6
way/107745279-220,1013
way/108114182-380,20
way/108114187-380,2
way/108388740-380,351
way/108388744-380,212
way/108614352-400-a,1718
way/108614352-400-c,1601
way/1092141469-220,1003
way/109505609-1-380,513
way/109815534-225,1350
way/109841767-225,1472
way/1100665912-380,2031
way/1101762004-380,497
way/110468017-225,1223
way/110468021-225,1105
way/1104772180-380,2085
way/1104914090-1-380,588
way/110542357-225,1141
way/110602439-225-a,1272
way/110602439-225-b,1320
way/110602452-225-a,1320
way/110602452-225-b,1446
way/111175271-220,770
way/111456384-225,1070
way/111638468-225,1305
way/111700590-220,872
way/1117128897-380,2000
way/111718298-225-a,1136
way/111718298-225-b,1289
way/111870389-225,1278
way/1119943059-220,195
way/1120289993-1-380,707
way/1121722206-275,1528
way/1121726191-400,1528
way/112289018-220,1884
way/112526921-400,1173
way/113135861-220,260
way/113338232-225,1403
way/113340277-220,136
way/1134921734-380,2087
way/113563131-220,599
way/114207819-225-a,1255
way/114207819-225-b,1254
way/114435395-275,1634
way/114615522-225,1338
way/114822159-220,162
way/1149912587-220,2010
way/1155325248-400,1676
way/115685413-400,733
way/115917637-220-b,2007
way/115919978-225,1261
way/1160838552-220,12
way/116911485-220,2114
way/117209583-225,1040
way/117451563-225,1374
way/117635375-400,956
way/117635378-400,954
way/117882039-220,2050
way/117882937-220,1994
way/118106110-220,18
way/118106734-220,17
way/118107143-220,50
way/118107148-220-a,39
way/118107148-220-b,16
way/118114536-400,1271
way/118121954-400,1437
way/118184227-225,1317
way/118260052-225,1192
way/118319291-400,851
way/118351425-220,483
way/118436808-380,604
way/118756369-220,15
way/118759917-380,1
way/119050742-400,1519
way/119294902-275,1588
way/119854593-225,1433
way/120454778-220,744
way/1204850927-400,953
way/1205151550-220,1885
way/120790011-220,1924
way/120790013-220,1944
way/120874807-225,1482
way/120968575-225,1373
way/120985975-225,1373
way/121087229-400,1175
way/121116107-225,1395
way/121125709-400,1455
way/121161189-225,1400
way/121252676-220-a,1871
way/1217826954-400,785
way/121810833-220,796
way/122048618-275,1660
way/122592200-220,29
way/1240215848-220,1885
way/124401704-400,1600
way/1247751768-400,768
way/125690613-220,44
way/125690616-220,44
way/1263295239-400,908
way/126881766-400,883
way/126987035-400,949
way/126987049-400,989
way/126987057-400,950
way/127054750-400,761
way/127184693-400,1592
way/127205499-220,2229
way/127205517-220,891
way/127205560-220,2258
way/127205584-220,2258
way/127605079-400,852
way/128277649-380,271
way/128381288-225,1475
way/128461828-380-b,235
way/128478125-1-380,664
way/128478125-2-220,664
way/128523217-220,1860
way/128541288-220,2081
way/128602195-220,2025
way/1288723718-400,876
way/129038235-225,1429
way/129038237-225-b,1429
way/129168154-225,1347
way/129440969-225,1314
way/129506866-220,940
way/129650353-380,2189
way/129692423-400,861
way/129736841-380,33
way/129775568-220,31
way/129775569-220,14
way/129977069-220,149
way/1302963578-220-b,756
way/1302963579-220,756
way/130380858-225,1299
way/1308121974-275,1690
way/131290697-220,2027
way/131292115-220,1872
way/131649617-225,1349
way/131742024-225-b,1275
way/132450756-380,2003
way/132682735-220,632
way/1327046560-380,158
way/133151104-225,1228
way/133604996-225,1233
way/133787551-220,55
way/134219945-220,11
way/134565946-380,48
way/135180874-220,2265
way/135303538-225-a,1228
way/135759309-220-b,933
way/135759309-220-c,811
way/136326136-225,1060
way/136998930-220,1030
way/137088455-225,1136
way/137171463-220,1032
way/137211822-220,1032
way/137243120-220,1029
way/137265337-400,2268
way/137265338-400,2243
way/137270483-400,2270
way/137276377-220,1028
way/137310063-220,1031
way/13866532-275,1667
way/138698496-225,1135
way/138698499-225,1296
way/139102374-225,1135
way/139102377-225,1135
way/139129334-400,923
way/139756002-220,2124
way/14005228-220,188
way/140231506-220,1901
way/141161434-380,627
way/142169891-220,616
way/142182854-400,2273
way/142337405-225,1184
way/142428150-225-b,1351
way/142494142-225,1497
way/142740320-220,2273
way/142811058-400,1545
way/142821289-400,1547
way/142827621-400,1544
way/142839891-400,1594
way/142841188-275,1708
way/143092824-400,1563
way/143100816-220,338
way/143106393-220,2225
way/143114979-400,1685
way/143143990-400,2213
way/143207675-400,844
way/143207678-220,813
way/143219037-400,1707
way/143383457-400,1649
way/143384077-400,1533
way/143384081-400,1532
way/143483657-220,827
way/143483659-220,828
way/143483694-220,827
way/143561901-275,1525
way/143721891-400,2226
way/143769084-400,1564
way/143786308-400,1763
way/143855350-1-380,600
way/143865169-400,1668
way/144005353-400-a,1722
way/144005353-400-b,1786
way/144005357-400,1719
way/144156733-400-b,988
way/144156736-400,931
way/144158989-220,980
way/144158992-220-a,980
way/144158997-220,895
way/144297324-220,768
way/144297347-220,779
way/144297405-220,767
way/144303662-275,1666
way/144327134-220,889
way/144327136-400-a,886
way/144327136-400-b,803
way/144332267-220,1002
way/144332273-220,885
way/144374449-220,2267
way/144377306-220-b,2249
way/144377308-220,2254
way/144385737-220,2239
way/144385755-220,891
way/144385758-220,2266
way/144396429-220,2229
way/144396433-220,2230
way/144420819-220,2232
way/144432488-220,2260
way/144433991-220,2259
way/144439493-220,2210
way/144439501-220,2210
way/144545400-220,2245
way/144545403-220,2245
way/144554428-400,2208
way/144554429-220,2246
way/144564912-400-b,2263
way/144564919-400,2234
way/144570032-400,2223
way/144570039-400,2235
way/144584534-220,2262
way/144584545-220,2262
way/144584548-220,2247
way/144584565-220,2245
way/144599063-400,2252
way/144599065-400,2250
way/144608820-220,2224
way/144627242-400,2237
way/144632844-400,2238
way/144639163-400,2236
way/144651466-220,2272
way/144701401-220,2226
way/144701413-220,2226
way/144701421-220,2226
way/144701425-400,2222
way/144767086-400,998
way/144775942-220,751
way/144776493-400,996
way/144778700-220,918
way/144787733-220,841
way/144787734-220,841
way/144787738-400,841
way/144787746-220,842
way/144816057-220,983
way/144820508-220,842
way/144827706-220,1022
way/144827707-220,1022
way/144829168-220,983
way/144829169-220,983
way/144830549-220,795
way/144848608-400,1553
way/144904276-400,905
way/144909704-400-b,929
way/144909704-400-d,858
way/144915379-400-a,858
way/144915379-400-b,906
way/144915397-400-a,747
way/144915397-400-b,746
way/144915409-220-a,905
way/144922717-220-a,747
way/144931781-400,869
way/144933380-400,1023
way/144941892-400,754
way/145170999-400,755
way/145173225-400-a,826
way/145173225-400-b,825
way/145302685-220,853
way/145302687-400,784
way/145302688-400,853
way/145302698-220,830
way/145315442-400-a,741
way/145316515-220,911
way/145321498-220,784
way/145349208-380,146
way/145431189-400,839
way/145431965-400,838
way/145433356-220,809
way/145456419-220,903
way/145461764-220,946
way/145461766-220,994
way/145461768-400,990
way/145470053-220,944
way/145599511-220-a,792
way/145614734-400,973
way/145623521-220,876
way/145623526-220,877
way/145821097-220-a,786
way/145823170-400,907
way/147534818-380,560
way/147686438-380,99
way/148052303-400,2219
way/148245069-400,1118
way/148382424-275,1595
way/148474410-380,298
way/148564014-225-b,1292
way/148564022-225,1292
way/148853201-400,1006
way/149100552-225-a,1293
way/149187924-220-a,2019
way/149187924-220-b,1849
way/150060510-400,740
way/151166981-220,2269
way/151469596-380,299
way/151967297-1-380,585
way/152375109-275,1526
way/152924506-220,593
way/152924520-2-220,578
way/154980670-275,1510
way/155590376-380,1829
way/155738006-400,1543
way/155746903-400,1774
way/155791524-220,2131
way/156350633-220,254
way/156960646-380,420
way/157582177-220,2065
way/158652471-220,2087
way/159712911-220,691
way/159736511-275,1631
way/15978163-400,1567
way/160279529-400,1761
way/160279535-400,1762
way/160393069-225-b,1231
way/160393080-225,1083
way/160580051-400,1729
way/160580054-400,1727
way/160616341-275,1633
way/160616358-275,1612
way/160661275-220-a,1916
way/160661276-220-a,2103
way/160661276-220-b,2067
way/160777370-400,1640
way/160793824-275,1637
way/160838313-380,90
way/160976812-380,108
way/16117836-380,123
way/161224161-220,102
way/161225685-220-a,82
way/161225685-220-b,96
way/161234124-220,114
way/161234128-220,106
way/161234131-220,107
way/161469074-380,76
way/161469076-380,77
way/161479350-380,89
way/161479351-380,88
way/161479355-380,95
way/161479358-380,127
way/161719235-220,3
way/161923697-225,1287
way/163857038-1-380-a,193
way/164247268-225,1158
way/165372738-220,2133
way/166650421-400,1643
way/166650430-400,1539
way/166650434-400,1514
way/166703767-400,1677
way/166703779-275-a,1781
way/167261399-1-380,268
way/167401432-220,151
way/167609849-380,622
way/167854736-220,496
way/168357740-400,992
way/169236154-380,562
way/169240672-380,533
way/169342602-225,1063
way/169366111-400,766
way/169366112-220,966
way/169371141-400,831
way/169498357-400,743
way/169523035-400,911
way/169641327-220,909
way/169700070-225,1436
way/169722562-220,743
way/169759379-220,873
way/169769007-400,952
way/169867113-400,782
way/169874402-220,873
way/169882242-220,928
way/169882259-220,927
way/169947650-220,810
way/169947795-220,961
way/169987956-220,2055
way/169994668-400,995
way/169999916-400,783
way/170009246-400,934
way/170014038-400,947
way/170014040-400,941
way/170138189-220,844
way/170140948-220,933
way/170156683-220,811
way/170168412-220,781
way/170189888-220,781
way/170272142-400-a,759
way/170272142-400-b,919
way/170272146-400,837
way/170273565-220,757
way/170367433-400,760
way/170372282-220-a,914
way/170389316-220,897
way/170419724-220,750
way/170424453-400,970
way/170479583-400,808
way/170479598-400,986
way/170479602-400,739
way/170485430-220,736
way/170485442-220,762
way/170671538-220,791
way/170779402-220-a,965
way/170792599-220,936
way/170795541-220,1010
way/170932868-400,857
way/170949166-400,847
way/170954486-400,871
way/170954496-400,995
way/170961289-400,793
way/170968147-400,939
way/170968157-220,789
way/170968158-400,789
way/170968159-220,789
way/171113521-220,797
way/171113524-220,788
way/171113526-220,787
way/171256171-400-a,870
way/171256171-400-b,868
way/171260458-400,900
way/171260464-400,867
way/171260465-220,900
way/171277172-220,748
way/171422880-220,764
way/171518049-220,763
way/171536996-220,868
way/171537718-220,765
way/171557469-220,993
way/171558294-220-a,790
way/172819236-380,305
way/176235065-400,1548
way/176700208-1-400,196
way/176700313-225,197
way/17673603-380,615
way/176820945-220,758
way/176886404-220,756
way/178880296-220,926
way/178898359-220,925
way/178899726-2-275,1655
way/178903604-275,1694
way/179978384-225,1093
way/180468541-220,32
way/18089891-275,1503
way/181651950-220,735
way/181652539-400,935
way/181664115-400,842
way/181664118-220,840
way/181674245-400,800
way/181674246-220,800
way/182080029-220,771
way/182080032-220,772
way/182080037-220,771
way/182089444-220,902
way/182260864-220,795
way/183182432-225,1271
way/183827744-225,1399
way/184961343-275,1578
way/185368626-225,1458
way/186825508-225-a,1189
way/186825522-225,1433
way/187645710-400,833
way/188311577-220,1920
way/188608380-220-b,988
way/188737740-400,833
way/189171422-400,816
way/189522679-220,1876
way/189568397-1-220,431
way/189574881-220,651
way/190187634-225,1151
way/190248205-220,975
way/190248212-220,745
way/190249316-220,927
way/190249702-220-a,910
way/190289526-220,960
way/191054131-220,799
way/191055890-220,794
way/191492710-220,901
way/191689385-380,1830
way/192148163-220,848
way/192313172-220,819
way/192328208-400,820
way/192643724-400,818
way/192643742-400,818
way/192698906-400,1246
way/193445970-220,2092
way/193576911-220,183
way/193593279-400-a,824
way/194214685-380,570
way/194354044-220,1968
way/194699934-220,814
way/194699937-220,901
way/194701799-220,805
way/194801349-220-b,135
way/195667272-220,143
way/196073429-225-a,1398
way/196206310-400,967
way/196207062-400,967
way/196215047-400,924
way/196382209-220-b,977
way/196392711-220,923
way/196392712-220,923
way/196478727-220,923
way/196483353-220,922
way/196484247-220,981
way/196486063-220,967
way/196522658-220-b,731
way/196533209-220,849
way/196544700-220-a,982
way/196721125-220,742
way/197906205-275,1784
way/19828135-400,1512
way/199288357-220-b,2038
way/199288415-220,1942
way/199676822-380,1934
way/202272466-220,1850
way/203621818-400,1389
way/203921490-225,1415
way/203939529-225,1478
way/203991560-225,1193
way/204027841-400,1364
way/204598485-380,117
way/204598493-380,79
way/204702308-220,742
way/204702309-220,854
way/204707705-400,742
way/204814208-220,718
way/204940267-220,120
way/204981133-220,100
way/206864719-220-b,912
way/206971063-220,1955
way/207363384-225,1484
way/207363442-225,1293
way/207561545-225,1219
way/207579638-1-220,603
way/207604359-220-a,892
way/207604359-220-b,893
way/207811359-1-380,679
way/207895374-380,189
way/207993341-380-b,168
way/208243244-220,171
way/208345690-220,129
way/20909519-400,1748
way/209112349-220,195
way/209112350-220,174
way/209273302-400,1542
way/209288148-220,148
way/210390729-225,1191
way/210564485-220,2111
way/210604517-220,1826
way/210604518-220,2135
way/210604532-220,2021
way/210608738-220,1825
way/210619794-220,1957
way/210621702-220,2094
way/210625430-220-a,1873
way/210631190-220,1877
way/210665254-400,1457
way/211174436-380,2032
way/211506265-220,2049
way/211506268-225-a,1391
way/211506271-220,1926
way/211506977-220,1941
way/211512677-220,1933
way/211512680-220,1922
way/211518752-220,2073
way/211691706-220,2043
way/211691707-220,2043
way/211691708-220,2044
way/211744267-220,1875
way/211771760-220,2013
way/214450538-400,1188
way/216251169-400,796
way/216876901-275,1729
way/220888503-220,879
way/224443424-400,1617
way/224739616-400-a,1523
way/224739616-400-b,1524
way/224739621-400,1523
way/22769940-400,1562
way/228452919-400,1784
way/228458092-275,1657
way/22892075-2-275,1714
way/22968518-275,1607
way/22968522-275,1607
way/22978843-400-a,1541
way/231006629-220,276
way/231006638-220,493
way/23141413-380,116
way/231735880-380,289
way/231735886-220,287
way/232071584-220,659
way/23248491-275,1560
way/23286260-400,1491
way/23298525-400,1618
way/233101391-400,1769
way/235577750-400,1647
way/23707819-220-a,427
way/238974296-400,1725
way/239134264-275,1683
way/24025299-225,1047
way/241110937-220,2105
way/241715065-220,101
way/242290362-225,1251
way/24428696-380,694
way/24462486-2-220,406
way/244884474-380,121
way/24530081-380,471
way/24532884-2-220,319
way/24604796-380,527
way/24605510-220,264
way/246483615-400,1554
way/246485021-400,1554
way/24686637-380,409
way/24959946-380,258
way/25052073-1-220,686
way/25091638-380,550
way/25209869-1-380,456
way/25314891-1-380,597
way/25359793-220-a,67
way/25359794-220,58
way/25385902-400,1571
way/25391816-400,1728
way/25391817-400,1692
way/25391818-400,1693
way/25422088-400,1780
way/255353868-220,147
way/25540878-380,68
way/25623607-400,1709
way/25629763-400,1557
way/258785666-400-a,992
way/258785666-400-b,990
way/258977857-225,1144
way/259152746-225,1077
way/259468196-220,703
way/260017341-400-a,1026
way/260829183-275,1596
way/262483941-225,1408
way/263493512-220-c,162
way/26376798-225-b,1478
way/264214669-400,1733
way/264531746-400,1566
way/264650839-400,1776
way/264828818-400,1624
way/265596215-220,1910
way/265598846-220,1911
way/265749249-220,1978
way/269823874-380,258
way/27016533-220-a,144
way/27161288-275,1540
way/27163143-400,1538
way/27171286-400,1555
way/27265348-400,1585
way/273599903-400,1728
way/273852654-225,1188
way/27654406-275,1539
way/279079565-380,262
way/2800252-275,1561
way/28026425-220,744
way/28051449-380,621
way/28207144-400,795
way/282927392-225,1186
way/28457294-380,59
way/28458149-380,33
way/286703268-380,721
way/286709461-380-b,278
way/286822904-225,1317
way/28691439-400,1732
way/291954080-400,2214
way/292220948-400,1743
way/292475120-400,1665
way/29428705-225-b,1189
way/295657861-400,1663
way/296529805-2-220,228
way/297124382-220,913
way/297548821-220,1858
way/297548823-380,1905
way/297548824-220,2107
way/299283833-220,2026
way/30073263-275,1645
way/301929379-220,894
way/30419417-380,635
way/30588239-380,449
way/306451406-275,1782
way/30859575-220,348
way/308788884-400,1515
way/31105066-380,353
way/311255821-225-a,1361
way/311840843-275,1656
way/31283037-225,1433
way/31283052-225,1433
way/313890844-2-275,1644
way/31669067-380,583
way/317266352-400,1749
way/31742764-380,435
way/320716526-380,34
way/32398460-380,530
way/32672606-220,667
way/328017432-400-b,1432
way/32987936-220,8
way/332247482-220,2073
way/33382745-220,624
way/335899645-220,1820
way/335908360-220,2225
way/33812397-380,515
way/33814146-220,2164
way/33814230-220,2166
way/33814305-220,2162
way/33814396-220,2163
way/33814625-220,126
way/33815120-220,104
way/338230588-400,2273
way/338230594-400,2244
way/338685234-220,1027
way/338795624-380,1881
way/338831949-380,1865
way/339106399-380,1824
way/339184134-380,2085
way/339184135-380,2002
way/342750375-380,1882
way/34538227-380,37
way/34942575-220,467
way/349635742-220,569
way/350936040-220,1977
way/356292100-220-a,182
way/356292100-220-b,173
way/36258837-380,650
way/362725565-380,1950
way/364125018-220,1940
way/365580703-220,190
way/366129087-220,140
way/367675741-225,1260
way/368060039-220,1932
way/37260256-400,1742
way/372964085-225,1095
way/373425022-225,128
way/374934096-220,2080
way/375345101-220,1984
way/375348171-220,1870
way/375595568-225,1116
way/375654013-220,1874
way/375678799-220-a,1864
way/375678799-220-b,2020
way/375685120-220,1930
way/375685125-220,1931
way/375767419-220,2111
way/375767421-220,2111
way/375785415-220,2137
way/375785439-220,1932
way/375924538-380,1867
way/376351181-220-a,2134
way/376351181-220-b,2064
way/376574895-220,1970
way/376674014-220,1887
way/376674022-220,1930
way/377588187-220,2010
way/380772260-400,1564
way/381739502-380,683
way/381950155-380,602
way/38243743-1-380,596
way/384105729-220,177
way/38528317-400,1744
way/38867890-220,21
way/39215181-220,912
way/39215413-400,761
way/39216591-220-a,913
way/39216591-220-b,913
way/39217281-220,758
way/392683707-225,1304
way/393286753-225,1396
way/39676389-380,272
way/398700016-220,188
way/3997391-400,1773
way/400994320-380,118
way/401218725-220,843
way/401439363-220,1020
way/401467178-220,2259
way/401766793-220,904
way/401804119-400,1001
way/401960474-220,794
way/402027525-220,807
way/402344628-220-a,1818
way/402344628-220-b,2096
way/402344628-220-c,2097
way/404743300-220,863
way/407317843-2-225,1058
way/41036073-380,321
way/41232147-380,448
way/41374780-2-220,640
way/414015967-380,460
way/41460654-1-380,589
way/41827922-400,1480
way/41931917-220,534
way/41981221-380,532
way/41988836-400,1750
way/42436888-275,1665
way/42509126-1-380,512
way/426020732-400,1047
way/429521459-225,1412
way/429521464-225,1215
way/43125412-220,191
way/43201818-380,544
way/43312288-275,1715
way/444069495-225,1211
way/44502523-220,920
way/44505374-220,979
way/447423541-400,1528
way/447728811-400,1521
way/45453290-400,1389
way/45737386-380,661
way/465917480-380,1829
way/4672209-400,1772
way/467599641-225-a,1356
way/46897351-400,991
way/471603407-225,1312
way/471603408-225,1312
way/47577975-400,776
way/47841963-400,957
way/479132627-225-a,1375
way/479132627-225-b,1302
way/479132697-225,1252
way/48467552-220-b,776
way/48616848-380,53
way/48912580-380,2179
way/49056815-400,777
way/495688573-380,71
way/495688588-380,91
way/49616633-380,678
way/49746081-220,702
way/49746082-220-a,660
way/50006264-275,1712
way/50168886-220,744
way/503659676-380,2097
way/5044319-400,1527
way/51497698-1-380,639
way/515358079-380,564
way/52493279-220-a,744
way/52826961-220,932
way/53039371-400,1019
way/54166977-400,775
way/54166978-400-a,979
way/54166978-400-b,776
way/54678315-400-b,958
way/549375979-225,1269
way/55008279-275,1633
way/550112563-380,306
way/55125495-400,1593
way/55284081-275,1682
way/558622119-225,1483
way/55967155-400,831
way/560384836-220,413
way/560505523-380,2116
way/56137336-220-b,820
way/571068811-400,1016
way/582657079-220,1009
way/589093427-225,1279
way/58931856-380,1892
way/59121614-380,1906
way/591811117-400,2248
way/59218824-380,1835
way/59524692-380,463
way/59524693-380,239
way/59584548-220,626
way/59699277-380,1802
way/59733859-400-a,1529
way/598644941-225,1238
way/600769223-380,2102
way/602566176-380,2074
way/60342304-400,781
way/60347309-400,1003
way/60347313-400,1018
way/60348041-220,805
way/60398291-220,774
way/60406864-380,1838
way/60414220-380,1837
way/60494695-380,1834
way/606841176-400,1576
way/60725324-1-380,549
way/60965214-380,2139
way/61012000-380,1854
way/61187717-400,924
way/61627712-380,2066
way/61712451-380,2084
way/61712454-380,2099
way/61713858-220-a,2134
way/61713858-220-b,2064
way/61730131-220,1885
way/617568394-380,266
way/61940512-380,2013
way/61981091-220,1917
way/62041321-400,916
way/62125646-400,778
way/62251376-220,373
way/62329124-220-b,773
way/624140634-225,1360
way/624667410-225,1374
way/629590239-275,1681
way/630347194-275,1604
way/640126754-220,143
way/645193280-225,1407
way/650519641-225,1190
way/651711437-400-b,752
way/654659947-225,1256
way/661761039-220,959
way/664159373-220,2004
way/664708679-220-b,984
way/67182852-400,1766
way/674702968-400,1599
way/676646875-400,1686
way/677908722-400,1556
way/679187444-225,1128
way/680000427-225,1459
way/683574601-400,985
way/683735401-400,2273
way/68677653-1-380,364
way/68677653-2-220,364
way/68849725-400,1678
way/68849732-400,1687
way/68979483-275,1650
way/68980083-400,1535
way/690953990-220,2221
way/693943709-380,93
way/694223882-380,75
way/71118621-400,1785
way/71118623-400,1778
way/71925777-220,872
way/722623110-220,2253
way/72475425-220,2067
way/727878101-220,2246
way/729102365-380,467
way/73141162-220,1819
way/73306291-220,542
way/73511089-220,931
way/73698953-220,931
way/73723120-220,1908
way/74075920-380,517
way/742039284-225,1089
way/74384024-400,835
way/74384028-400,1020
way/74384033-400,806
way/74385436-400,835
way/74387545-220,1017
way/75237037-380,1893
way/752983055-400,2240
way/758992184-220,137
way/759133044-220,134
way/75947603-220,1888
way/763495218-225,1300
way/76703978-380,1836
way/76900159-1-380,237
way/77179292-1-220,692
way/77641114-400,874
way/77709936-400,875
way/781599827-400,943
way/782365010-220,938
way/783620464-220,937
way/786985537-380,265
way/792093711-220,1959
way/79401755-400,864
way/795194867-380,2101
way/79879315-220,1886
way/79965625-400-a,821
way/80399135-380,1894
way/80509962-380,2115
way/80561893-380,2059
way/80840369-225-a,1146
way/80936694-275,1546
way/809641621-400,2216
way/810029125-400,2257
way/81354098-1-380,648
way/81511993-225-a,1470
way/81657994-220,38
way/81758488-400,1374
way/818506067-380,524
way/82077681-1-380,581
way/827008498-380,2033
way/827008529-220,2140
way/82711992-220,1821
way/82745755-220,27
way/828512993-220,973
way/82855532-220,2112
way/828872255-220,749
way/828907596-400,1021
way/82922448-380,1800
way/83095582-225-b,1321
way/83198170-225-b,1222
way/83291339-220,887
way/83742802-1-380,36
way/83872210-380,1798
way/83872214-380,1853
way/83872218-380,1855
way/83948619-380,1891
way/840227215-400,753
way/84451442-400,1051
way/84697002-220,2082
way/85196860-220,2052
way/85217408-225,1166
way/85226749-400,1478
way/85273679-225-a,1423
way/85314413-220,24
way/85817106-400,890
way/85817118-400-b,1020
way/86339829-400,1414
way/86505314-400,843
way/87280793-1-380,590
way/87772589-380,87
way/878799103-275,1507
way/878801892-275,1507
way/88090153-400,1745
way/88122670-400,1608
way/88447668-220,1003
way/88799382-380,86
way/89034160-400,1119
way/89038615-400,1511
way/890936155-225,1432
way/89176927-220,554
way/89425698-220,22
way/89436111-220,23
way/90134097-400,1638
way/90145959-225,1116
way/90547663-400,1729
way/90547681-400,1632
way/91004049-400,1537
way/91083599-400,1747
way/91084404-220,620
way/91089569-400,1616
way/91095170-400,1684
way/91142313-220,111
way/91403571-400,973
way/91441013-220-a,964
way/91441013-220-c,963
way/91679026-220,973
way/919864107-220,63
way/92017671-220,83
way/927740824-1-380,161
way/93141961-225,1051
way/93226354-400,769
way/93227304-400,744
way/93248684-380,115
way/93422216-220,1998
way/94007288-400,1739
way/95159087-380,0
way/951818305-380,28
way/95262502-225,1215
way/95262504-225,1215
way/95262506-225,1435
way/95278909-225,1099
way/95289332-225,1097
way/95299712-225,1066
way/95341330-400,1734
way/953757607-380,584
way/953757609-380,584
way/95409415-225,1191
way/95749841-400,1659
way/95812265-220,7
way/96067518-275,1704
way/96067522-275,1704
way/96153241-400,1012
way/96248411-380,1902
way/96849859-400,798
way/968931055-400,1552
way/971780154-1-220-a,322
way/97199641-220,972
way/97253943-220,800
way/97937386-400,1007
way/98382716-380,447
way/98638421-220,1822
way/988301722-380,2047
way/988301723-380,1982
way/988301724-380,1879
way/988536513-220,2012
way/988854615-380,2069
way/988954808-220,2010
way/99655272-220,2212
way/99655273-220,2212
way/99695189-380,2122
way/99720896-1-380,40
way/99761296-380,41
TYNDP2020_0,2256
TYNDP2020_1,780
TYNDP2020_2,865
TYNDP2020_3,2241
TYNDP2020_6,1936
TYNDP2020_16,1730
TYNDP2020_24,2171
TYNDP2020_29,2086
TYNDP2020_54,440
TYNDP2020_56,605
TYNDP2020_77,74
TYNDP2020_88,181
TYNDP2020_89,176
TYNDP2020_90,180
TYNDP2020_92,198
TYNDP2020_93,172
TYNDP2020_94,131
TYNDP2020_98,19
TYNDP2020_99,45
TYNDP2020_101,214
TYNDP2020_121,473
TYNDP2020_123,218
TYNDP2020_133,2075
TYNDP2020_134,2076
P43,526
P71,484
P84,331
P227,384
P402,392
P470,436
P476,387
P478,388
P485,403
P490,344
P540,715
P625,243
P627,509
P635,629
